layer_idx,head_idx,best_accuracy,best_epoch,timestamp
0,0,0.6840277777777778,1,2025-09-14 00:34:48
0,1,0.6875,1,2025-09-14 00:34:48
0,2,0.6805555555555556,6,2025-09-14 00:34:48
0,3,0.7291666666666666,4,2025-09-14 00:34:48
0,4,0.71875,5,2025-09-14 00:34:48
0,5,0.6909722222222222,15,2025-09-14 00:34:48
0,6,0.6631944444444444,5,2025-09-14 00:34:48
0,7,0.6597222222222222,12,2025-09-14 00:34:48
0,8,0.71875,6,2025-09-14 00:34:48
0,9,0.6631944444444444,11,2025-09-14 00:34:48
0,10,0.7256944444444444,14,2025-09-14 00:34:48
0,11,0.6805555555555556,5,2025-09-14 00:34:48
0,12,0.6875,3,2025-09-14 00:34:48
0,13,0.6736111111111112,9,2025-09-14 00:34:48
0,14,0.65625,10,2025-09-14 00:34:48
0,15,0.6527777777777778,10,2025-09-14 00:34:48
0,16,0.7048611111111112,3,2025-09-14 00:34:48
0,17,0.7118055555555556,9,2025-09-14 00:34:48
0,18,0.6701388888888888,12,2025-09-14 00:34:48
0,19,0.7291666666666666,10,2025-09-14 00:34:48
0,20,0.6770833333333334,10,2025-09-14 00:34:48
0,21,0.6875,4,2025-09-14 00:34:48
0,22,0.71875,1,2025-09-14 00:34:48
0,23,0.6736111111111112,13,2025-09-14 00:34:48
0,24,0.6736111111111112,9,2025-09-14 00:34:48
0,25,0.7118055555555556,10,2025-09-14 00:34:48
0,26,0.7152777777777778,4,2025-09-14 00:34:48
0,27,0.7465277777777778,1,2025-09-14 00:34:48
0,28,0.7152777777777778,1,2025-09-14 00:34:48
0,29,0.6840277777777778,1,2025-09-14 00:34:48
0,30,0.6979166666666666,8,2025-09-14 00:34:48
0,31,0.7083333333333334,6,2025-09-14 00:34:48
0,32,0.7222222222222222,1,2025-09-14 00:34:48
0,33,0.6805555555555556,3,2025-09-14 00:34:48
0,34,0.6840277777777778,9,2025-09-14 00:34:48
0,35,0.6770833333333334,18,2025-09-14 00:34:48
0,36,0.7118055555555556,6,2025-09-14 00:34:48
0,37,0.71875,4,2025-09-14 00:34:48
0,38,0.6805555555555556,1,2025-09-14 00:34:48
0,39,0.7013888888888888,2,2025-09-14 00:34:48
1,0,0.6180555555555556,9,2025-09-14 00:34:48
1,1,0.7256944444444444,8,2025-09-14 00:34:48
1,2,0.6736111111111112,18,2025-09-14 00:34:48
1,3,0.7048611111111112,14,2025-09-14 00:34:48
1,4,0.6805555555555556,13,2025-09-14 00:34:48
1,5,0.6840277777777778,1,2025-09-14 00:34:48
1,6,0.6805555555555556,16,2025-09-14 00:34:48
1,7,0.7083333333333334,5,2025-09-14 00:34:48
1,8,0.6527777777777778,2,2025-09-14 00:34:48
1,9,0.6805555555555556,8,2025-09-14 00:34:48
1,10,0.6909722222222222,10,2025-09-14 00:34:48
1,11,0.7465277777777778,5,2025-09-14 00:34:48
1,12,0.7048611111111112,10,2025-09-14 00:34:48
1,13,0.7013888888888888,9,2025-09-14 00:34:48
1,14,0.6840277777777778,11,2025-09-14 00:34:48
1,15,0.6631944444444444,1,2025-09-14 00:34:48
1,16,0.7083333333333334,2,2025-09-14 00:34:48
1,17,0.6979166666666666,5,2025-09-14 00:34:48
1,18,0.71875,1,2025-09-14 00:34:48
1,19,0.7152777777777778,10,2025-09-14 00:34:48
1,20,0.6979166666666666,2,2025-09-14 00:34:48
1,21,0.7152777777777778,1,2025-09-14 00:34:48
1,22,0.6631944444444444,4,2025-09-14 00:34:48
1,23,0.6875,1,2025-09-14 00:34:48
1,24,0.6493055555555556,3,2025-09-14 00:34:48
1,25,0.7118055555555556,9,2025-09-14 00:34:48
1,26,0.7256944444444444,2,2025-09-14 00:34:48
1,27,0.7118055555555556,2,2025-09-14 00:34:48
1,28,0.7118055555555556,2,2025-09-14 00:34:48
1,29,0.7256944444444444,2,2025-09-14 00:34:48
1,30,0.7048611111111112,5,2025-09-14 00:34:48
1,31,0.7256944444444444,5,2025-09-14 00:34:48
1,32,0.7118055555555556,12,2025-09-14 00:34:48
1,33,0.6527777777777778,14,2025-09-14 00:34:48
1,34,0.6909722222222222,11,2025-09-14 00:34:48
1,35,0.7395833333333334,10,2025-09-14 00:34:48
1,36,0.6666666666666666,1,2025-09-14 00:34:48
1,37,0.7083333333333334,1,2025-09-14 00:34:48
1,38,0.6597222222222222,1,2025-09-14 00:34:48
1,39,0.6770833333333334,1,2025-09-14 00:34:48
2,0,0.6770833333333334,7,2025-09-14 00:34:48
2,1,0.6770833333333334,15,2025-09-14 00:34:48
2,2,0.6909722222222222,7,2025-09-14 00:34:48
2,3,0.6770833333333334,5,2025-09-14 00:34:48
2,4,0.6840277777777778,7,2025-09-14 00:34:48
2,5,0.7152777777777778,13,2025-09-14 00:34:48
2,6,0.6666666666666666,7,2025-09-14 00:34:48
2,7,0.6944444444444444,8,2025-09-14 00:34:48
2,8,0.7256944444444444,8,2025-09-14 00:34:48
2,9,0.6840277777777778,9,2025-09-14 00:34:48
2,10,0.6979166666666666,4,2025-09-14 00:34:48
2,11,0.6909722222222222,1,2025-09-14 00:34:48
2,12,0.7152777777777778,10,2025-09-14 00:34:48
2,13,0.6423611111111112,6,2025-09-14 00:34:48
2,14,0.6666666666666666,2,2025-09-14 00:34:48
2,15,0.6736111111111112,6,2025-09-14 00:34:48
2,16,0.6805555555555556,3,2025-09-14 00:34:48
2,17,0.7013888888888888,16,2025-09-14 00:34:48
2,18,0.7152777777777778,4,2025-09-14 00:34:48
2,19,0.6354166666666666,9,2025-09-14 00:34:48
2,20,0.6875,12,2025-09-14 00:34:48
2,21,0.6909722222222222,3,2025-09-14 00:34:48
2,22,0.6909722222222222,5,2025-09-14 00:34:48
2,23,0.6111111111111112,1,2025-09-14 00:34:48
2,24,0.71875,1,2025-09-14 00:34:48
2,25,0.6909722222222222,2,2025-09-14 00:34:48
2,26,0.6840277777777778,1,2025-09-14 00:34:48
2,27,0.7152777777777778,1,2025-09-14 00:34:48
2,28,0.7013888888888888,6,2025-09-14 00:34:48
2,29,0.6631944444444444,14,2025-09-14 00:34:48
2,30,0.6770833333333334,9,2025-09-14 00:34:48
2,31,0.6736111111111112,2,2025-09-14 00:34:48
2,32,0.6597222222222222,15,2025-09-14 00:34:48
2,33,0.6909722222222222,1,2025-09-14 00:34:48
2,34,0.6458333333333334,1,2025-09-14 00:34:48
2,35,0.7083333333333334,2,2025-09-14 00:34:48
2,36,0.7291666666666666,7,2025-09-14 00:34:48
2,37,0.7395833333333334,1,2025-09-14 00:34:48
2,38,0.6805555555555556,5,2025-09-14 00:34:48
2,39,0.6770833333333334,11,2025-09-14 00:34:48
3,0,0.7118055555555556,1,2025-09-14 00:34:48
3,1,0.6631944444444444,8,2025-09-14 00:34:48
3,2,0.6736111111111112,1,2025-09-14 00:34:48
3,3,0.7152777777777778,1,2025-09-14 00:34:48
3,4,0.6666666666666666,14,2025-09-14 00:34:48
3,5,0.7291666666666666,5,2025-09-14 00:34:48
3,6,0.7083333333333334,12,2025-09-14 00:34:48
3,7,0.7048611111111112,8,2025-09-14 00:34:48
3,8,0.6944444444444444,2,2025-09-14 00:34:48
3,9,0.71875,5,2025-09-14 00:34:48
3,10,0.6944444444444444,9,2025-09-14 00:34:48
3,11,0.7013888888888888,5,2025-09-14 00:34:48
3,12,0.6458333333333334,13,2025-09-14 00:34:48
3,13,0.6527777777777778,12,2025-09-14 00:34:48
3,14,0.6666666666666666,9,2025-09-14 00:34:48
3,15,0.6909722222222222,1,2025-09-14 00:34:48
3,16,0.7395833333333334,1,2025-09-14 00:34:48
3,17,0.7083333333333334,2,2025-09-14 00:34:48
3,18,0.7152777777777778,6,2025-09-14 00:34:48
3,19,0.6909722222222222,4,2025-09-14 00:34:48
3,20,0.7222222222222222,8,2025-09-14 00:34:48
3,21,0.6666666666666666,1,2025-09-14 00:34:48
3,22,0.6284722222222222,2,2025-09-14 00:34:48
3,23,0.6840277777777778,15,2025-09-14 00:34:48
3,24,0.6770833333333334,5,2025-09-14 00:34:48
3,25,0.6979166666666666,7,2025-09-14 00:34:48
3,26,0.7048611111111112,6,2025-09-14 00:34:48
3,27,0.6770833333333334,3,2025-09-14 00:34:48
3,28,0.7083333333333334,12,2025-09-14 00:34:48
3,29,0.7048611111111112,5,2025-09-14 00:34:48
3,30,0.6770833333333334,2,2025-09-14 00:34:48
3,31,0.7118055555555556,1,2025-09-14 00:34:48
3,32,0.7048611111111112,13,2025-09-14 00:34:48
3,33,0.7395833333333334,5,2025-09-14 00:34:48
3,34,0.6909722222222222,3,2025-09-14 00:34:48
3,35,0.7152777777777778,3,2025-09-14 00:34:48
3,36,0.7048611111111112,1,2025-09-14 00:34:48
3,37,0.7256944444444444,3,2025-09-14 00:34:48
3,38,0.6909722222222222,1,2025-09-14 00:34:48
3,39,0.6979166666666666,5,2025-09-14 00:34:48
4,0,0.7083333333333334,1,2025-09-14 00:34:48
4,1,0.7326388888888888,1,2025-09-14 00:34:48
4,2,0.7291666666666666,1,2025-09-14 00:34:48
4,3,0.7152777777777778,2,2025-09-14 00:34:48
4,4,0.6770833333333334,14,2025-09-14 00:34:48
4,5,0.6423611111111112,7,2025-09-14 00:34:48
4,6,0.6875,2,2025-09-14 00:34:48
4,7,0.7708333333333334,2,2025-09-14 00:34:48
4,8,0.7222222222222222,2,2025-09-14 00:34:48
4,9,0.6458333333333334,6,2025-09-14 00:34:48
4,10,0.7361111111111112,10,2025-09-14 00:34:48
4,11,0.6666666666666666,7,2025-09-14 00:34:48
4,12,0.7326388888888888,15,2025-09-14 00:34:48
4,13,0.6944444444444444,17,2025-09-14 00:34:48
4,14,0.7048611111111112,15,2025-09-14 00:34:48
4,15,0.7465277777777778,13,2025-09-14 00:34:48
4,16,0.7152777777777778,1,2025-09-14 00:34:48
4,17,0.7048611111111112,7,2025-09-14 00:34:48
4,18,0.6180555555555556,1,2025-09-14 00:34:48
4,19,0.7222222222222222,5,2025-09-14 00:34:48
4,20,0.6666666666666666,1,2025-09-14 00:34:48
4,21,0.6770833333333334,14,2025-09-14 00:34:48
4,22,0.7013888888888888,10,2025-09-14 00:34:48
4,23,0.7152777777777778,1,2025-09-14 00:34:48
4,24,0.7118055555555556,2,2025-09-14 00:34:48
4,25,0.7152777777777778,8,2025-09-14 00:34:48
4,26,0.7152777777777778,4,2025-09-14 00:34:48
4,27,0.7222222222222222,1,2025-09-14 00:34:48
4,28,0.6944444444444444,1,2025-09-14 00:34:48
4,29,0.6944444444444444,1,2025-09-14 00:34:48
4,30,0.7013888888888888,6,2025-09-14 00:34:48
4,31,0.6875,1,2025-09-14 00:34:48
4,32,0.6979166666666666,3,2025-09-14 00:34:48
4,33,0.7013888888888888,10,2025-09-14 00:34:48
4,34,0.6875,12,2025-09-14 00:34:48
4,35,0.6770833333333334,10,2025-09-14 00:34:48
4,36,0.7291666666666666,1,2025-09-14 00:34:48
4,37,0.6909722222222222,3,2025-09-14 00:34:48
4,38,0.6631944444444444,4,2025-09-14 00:34:48
4,39,0.7048611111111112,3,2025-09-14 00:34:48
5,0,0.6840277777777778,5,2025-09-14 00:34:48
5,1,0.6979166666666666,9,2025-09-14 00:34:48
5,2,0.6597222222222222,7,2025-09-14 00:34:48
5,3,0.7118055555555556,2,2025-09-14 00:34:48
5,4,0.65625,14,2025-09-14 00:34:48
5,5,0.7361111111111112,1,2025-09-14 00:34:48
5,6,0.6944444444444444,12,2025-09-14 00:34:48
5,7,0.6527777777777778,7,2025-09-14 00:34:48
5,8,0.6493055555555556,1,2025-09-14 00:34:48
5,9,0.7118055555555556,1,2025-09-14 00:34:48
5,10,0.71875,3,2025-09-14 00:34:48
5,11,0.7013888888888888,3,2025-09-14 00:34:48
5,12,0.6631944444444444,1,2025-09-14 00:34:48
5,13,0.6875,1,2025-09-14 00:34:48
5,14,0.6284722222222222,12,2025-09-14 00:34:48
5,15,0.7013888888888888,8,2025-09-14 00:34:48
5,16,0.7222222222222222,14,2025-09-14 00:34:48
5,17,0.6597222222222222,1,2025-09-14 00:34:48
5,18,0.6979166666666666,1,2025-09-14 00:34:48
5,19,0.7152777777777778,8,2025-09-14 00:34:48
5,20,0.6666666666666666,3,2025-09-14 00:34:48
5,21,0.6875,1,2025-09-14 00:34:48
5,22,0.6840277777777778,1,2025-09-14 00:34:48
5,23,0.6736111111111112,1,2025-09-14 00:34:48
5,24,0.7048611111111112,1,2025-09-14 00:34:48
5,25,0.7083333333333334,1,2025-09-14 00:34:48
5,26,0.71875,1,2025-09-14 00:34:48
5,27,0.7083333333333334,1,2025-09-14 00:34:48
5,28,0.7326388888888888,2,2025-09-14 00:34:48
5,29,0.6701388888888888,1,2025-09-14 00:34:48
5,30,0.7013888888888888,1,2025-09-14 00:34:48
5,31,0.7152777777777778,1,2025-09-14 00:34:48
5,32,0.65625,3,2025-09-14 00:34:48
5,33,0.7083333333333334,1,2025-09-14 00:34:48
5,34,0.7152777777777778,2,2025-09-14 00:34:48
5,35,0.6319444444444444,2,2025-09-14 00:34:48
5,36,0.7256944444444444,14,2025-09-14 00:34:48
5,37,0.7118055555555556,1,2025-09-14 00:34:48
5,38,0.75,9,2025-09-14 00:34:48
5,39,0.6875,2,2025-09-14 00:34:48
6,0,0.6458333333333334,9,2025-09-14 00:34:48
6,1,0.7222222222222222,1,2025-09-14 00:34:48
6,2,0.7291666666666666,2,2025-09-14 00:34:48
6,3,0.6875,8,2025-09-14 00:34:48
6,4,0.6840277777777778,11,2025-09-14 00:34:48
6,5,0.6875,13,2025-09-14 00:34:48
6,6,0.7013888888888888,4,2025-09-14 00:34:48
6,7,0.7048611111111112,2,2025-09-14 00:34:48
6,8,0.7118055555555556,6,2025-09-14 00:34:48
6,9,0.6875,3,2025-09-14 00:34:48
6,10,0.7013888888888888,11,2025-09-14 00:34:48
6,11,0.6875,11,2025-09-14 00:34:48
6,12,0.6840277777777778,2,2025-09-14 00:34:48
6,13,0.6805555555555556,6,2025-09-14 00:34:48
6,14,0.6631944444444444,4,2025-09-14 00:34:48
6,15,0.6840277777777778,10,2025-09-14 00:34:48
6,16,0.7222222222222222,1,2025-09-14 00:34:48
6,17,0.6770833333333334,1,2025-09-14 00:34:48
6,18,0.7118055555555556,2,2025-09-14 00:34:48
6,19,0.7569444444444444,3,2025-09-14 00:34:48
6,20,0.7013888888888888,5,2025-09-14 00:34:48
6,21,0.7534722222222222,1,2025-09-14 00:34:48
6,22,0.6701388888888888,1,2025-09-14 00:34:48
6,23,0.7013888888888888,15,2025-09-14 00:34:48
6,24,0.7118055555555556,5,2025-09-14 00:34:48
6,25,0.6909722222222222,13,2025-09-14 00:34:48
6,26,0.6388888888888888,1,2025-09-14 00:34:48
6,27,0.7395833333333334,16,2025-09-14 00:34:48
6,28,0.6805555555555556,4,2025-09-14 00:34:48
6,29,0.7152777777777778,8,2025-09-14 00:34:48
6,30,0.7083333333333334,1,2025-09-14 00:34:48
6,31,0.7291666666666666,12,2025-09-14 00:34:48
6,32,0.6909722222222222,2,2025-09-14 00:34:48
6,33,0.7361111111111112,3,2025-09-14 00:34:48
6,34,0.71875,3,2025-09-14 00:34:48
6,35,0.6909722222222222,14,2025-09-14 00:34:48
6,36,0.6875,10,2025-09-14 00:34:48
6,37,0.7152777777777778,1,2025-09-14 00:34:48
6,38,0.7013888888888888,3,2025-09-14 00:34:48
6,39,0.7083333333333334,11,2025-09-14 00:34:48
7,0,0.7083333333333334,2,2025-09-14 00:34:48
7,1,0.6770833333333334,10,2025-09-14 00:34:48
7,2,0.7256944444444444,1,2025-09-14 00:34:48
7,3,0.6944444444444444,2,2025-09-14 00:34:48
7,4,0.7048611111111112,1,2025-09-14 00:34:48
7,5,0.65625,13,2025-09-14 00:34:48
7,6,0.7118055555555556,11,2025-09-14 00:34:48
7,7,0.6875,9,2025-09-14 00:34:48
7,8,0.6770833333333334,2,2025-09-14 00:34:48
7,9,0.71875,10,2025-09-14 00:34:48
7,10,0.7152777777777778,2,2025-09-14 00:34:48
7,11,0.6875,4,2025-09-14 00:34:48
7,12,0.7152777777777778,12,2025-09-14 00:34:48
7,13,0.7048611111111112,12,2025-09-14 00:34:48
7,14,0.6840277777777778,2,2025-09-14 00:34:48
7,15,0.7118055555555556,9,2025-09-14 00:34:48
7,16,0.6875,1,2025-09-14 00:34:48
7,17,0.6736111111111112,11,2025-09-14 00:34:48
7,18,0.7465277777777778,12,2025-09-14 00:34:48
7,19,0.6909722222222222,8,2025-09-14 00:34:48
7,20,0.6805555555555556,1,2025-09-14 00:34:48
7,21,0.6840277777777778,1,2025-09-14 00:34:48
7,22,0.6770833333333334,1,2025-09-14 00:34:48
7,23,0.6666666666666666,1,2025-09-14 00:34:48
7,24,0.7291666666666666,3,2025-09-14 00:34:48
7,25,0.6423611111111112,5,2025-09-14 00:34:48
7,26,0.6631944444444444,1,2025-09-14 00:34:48
7,27,0.6805555555555556,1,2025-09-14 00:34:48
7,28,0.6736111111111112,10,2025-09-14 00:34:48
7,29,0.6979166666666666,2,2025-09-14 00:34:48
7,30,0.625,1,2025-09-14 00:34:48
7,31,0.6909722222222222,3,2025-09-14 00:34:48
7,32,0.6701388888888888,1,2025-09-14 00:34:48
7,33,0.6770833333333334,3,2025-09-14 00:34:48
7,34,0.6979166666666666,15,2025-09-14 00:34:48
7,35,0.7152777777777778,13,2025-09-14 00:34:48
7,36,0.6493055555555556,12,2025-09-14 00:34:48
7,37,0.7118055555555556,3,2025-09-14 00:34:48
7,38,0.7256944444444444,2,2025-09-14 00:34:48
7,39,0.6493055555555556,11,2025-09-14 00:34:48
8,0,0.6875,8,2025-09-14 00:34:48
8,1,0.71875,9,2025-09-14 00:34:48
8,2,0.7048611111111112,17,2025-09-14 00:34:48
8,3,0.6666666666666666,8,2025-09-14 00:34:48
8,4,0.6701388888888888,5,2025-09-14 00:34:48
8,5,0.7222222222222222,14,2025-09-14 00:34:48
8,6,0.6631944444444444,13,2025-09-14 00:34:48
8,7,0.7534722222222222,5,2025-09-14 00:34:48
8,8,0.6944444444444444,8,2025-09-14 00:34:48
8,9,0.7013888888888888,4,2025-09-14 00:34:48
8,10,0.7152777777777778,4,2025-09-14 00:34:48
8,11,0.6736111111111112,1,2025-09-14 00:34:48
8,12,0.7152777777777778,6,2025-09-14 00:34:48
8,13,0.6805555555555556,12,2025-09-14 00:34:48
8,14,0.7118055555555556,14,2025-09-14 00:34:48
8,15,0.6840277777777778,7,2025-09-14 00:34:48
8,16,0.6666666666666666,2,2025-09-14 00:34:48
8,17,0.6701388888888888,8,2025-09-14 00:34:48
8,18,0.7326388888888888,7,2025-09-14 00:34:48
8,19,0.7222222222222222,16,2025-09-14 00:34:48
8,20,0.7013888888888888,2,2025-09-14 00:34:48
8,21,0.6493055555555556,2,2025-09-14 00:34:48
8,22,0.7083333333333334,2,2025-09-14 00:34:48
8,23,0.6840277777777778,6,2025-09-14 00:34:48
8,24,0.6875,11,2025-09-14 00:34:48
8,25,0.6944444444444444,15,2025-09-14 00:34:48
8,26,0.6840277777777778,7,2025-09-14 00:34:48
8,27,0.7152777777777778,11,2025-09-14 00:34:48
8,28,0.7395833333333334,10,2025-09-14 00:34:48
8,29,0.6875,3,2025-09-14 00:34:48
8,30,0.71875,1,2025-09-14 00:34:48
8,31,0.6944444444444444,1,2025-09-14 00:34:48
8,32,0.6840277777777778,4,2025-09-14 00:34:48
8,33,0.7048611111111112,1,2025-09-14 00:34:48
8,34,0.6701388888888888,1,2025-09-14 00:34:48
8,35,0.6979166666666666,3,2025-09-14 00:34:48
8,36,0.6909722222222222,7,2025-09-14 00:34:48
8,37,0.7048611111111112,11,2025-09-14 00:34:48
8,38,0.7152777777777778,11,2025-09-14 00:34:48
8,39,0.7083333333333334,1,2025-09-14 00:34:48
9,0,0.6875,5,2025-09-14 00:34:48
9,1,0.6875,12,2025-09-14 00:34:48
9,2,0.7083333333333334,2,2025-09-14 00:34:48
9,3,0.6909722222222222,10,2025-09-14 00:34:48
9,4,0.71875,1,2025-09-14 00:34:48
9,5,0.7118055555555556,1,2025-09-14 00:34:48
9,6,0.6805555555555556,2,2025-09-14 00:34:48
9,7,0.7118055555555556,1,2025-09-14 00:34:48
9,8,0.6875,3,2025-09-14 00:34:48
9,9,0.7361111111111112,12,2025-09-14 00:34:48
9,10,0.71875,8,2025-09-14 00:34:48
9,11,0.6979166666666666,15,2025-09-14 00:34:48
9,12,0.7083333333333334,17,2025-09-14 00:34:48
9,13,0.7326388888888888,7,2025-09-14 00:34:48
9,14,0.7013888888888888,6,2025-09-14 00:34:48
9,15,0.6944444444444444,10,2025-09-14 00:34:48
9,16,0.6875,6,2025-09-14 00:34:48
9,17,0.6701388888888888,4,2025-09-14 00:34:48
9,18,0.6840277777777778,2,2025-09-14 00:34:48
9,19,0.6666666666666666,13,2025-09-14 00:34:48
9,20,0.6944444444444444,2,2025-09-14 00:34:48
9,21,0.6875,5,2025-09-14 00:34:48
9,22,0.6875,13,2025-09-14 00:34:48
9,23,0.7291666666666666,6,2025-09-14 00:34:48
9,24,0.7222222222222222,2,2025-09-14 00:34:48
9,25,0.71875,7,2025-09-14 00:34:48
9,26,0.6979166666666666,5,2025-09-14 00:34:48
9,27,0.6736111111111112,3,2025-09-14 00:34:48
9,28,0.7013888888888888,1,2025-09-14 00:34:48
9,29,0.6979166666666666,1,2025-09-14 00:34:48
9,30,0.7222222222222222,2,2025-09-14 00:34:48
9,31,0.6909722222222222,16,2025-09-14 00:34:48
9,32,0.7013888888888888,11,2025-09-14 00:34:48
9,33,0.7256944444444444,14,2025-09-14 00:34:48
9,34,0.7222222222222222,4,2025-09-14 00:34:48
9,35,0.7534722222222222,13,2025-09-14 00:34:48
9,36,0.6909722222222222,3,2025-09-14 00:34:48
9,37,0.6875,6,2025-09-14 00:34:48
9,38,0.6875,15,2025-09-14 00:34:48
9,39,0.6736111111111112,15,2025-09-14 00:34:48
10,0,0.6875,2,2025-09-14 00:34:48
10,1,0.6840277777777778,3,2025-09-14 00:34:48
10,2,0.6736111111111112,1,2025-09-14 00:34:48
10,3,0.65625,5,2025-09-14 00:34:48
10,4,0.6840277777777778,9,2025-09-14 00:34:48
10,5,0.7152777777777778,10,2025-09-14 00:34:48
10,6,0.7048611111111112,1,2025-09-14 00:34:48
10,7,0.71875,9,2025-09-14 00:34:48
10,8,0.7291666666666666,1,2025-09-14 00:34:48
10,9,0.6666666666666666,1,2025-09-14 00:34:48
10,10,0.6944444444444444,4,2025-09-14 00:34:48
10,11,0.6840277777777778,13,2025-09-14 00:34:48
10,12,0.7048611111111112,9,2025-09-14 00:34:48
10,13,0.6875,12,2025-09-14 00:34:48
10,14,0.6597222222222222,2,2025-09-14 00:34:48
10,15,0.6979166666666666,16,2025-09-14 00:34:48
10,16,0.71875,12,2025-09-14 00:34:48
10,17,0.6527777777777778,2,2025-09-14 00:34:48
10,18,0.7083333333333334,17,2025-09-14 00:34:48
10,19,0.6979166666666666,7,2025-09-14 00:34:48
10,20,0.7152777777777778,8,2025-09-14 00:34:48
10,21,0.7326388888888888,4,2025-09-14 00:34:48
10,22,0.7430555555555556,17,2025-09-14 00:34:48
10,23,0.6875,7,2025-09-14 00:34:48
10,24,0.71875,10,2025-09-14 00:34:48
10,25,0.7326388888888888,7,2025-09-14 00:34:48
10,26,0.7326388888888888,2,2025-09-14 00:34:48
10,27,0.6840277777777778,13,2025-09-14 00:34:48
10,28,0.7048611111111112,19,2025-09-14 00:34:48
10,29,0.6909722222222222,15,2025-09-14 00:34:48
10,30,0.6979166666666666,4,2025-09-14 00:34:48
10,31,0.75,9,2025-09-14 00:34:48
10,32,0.6840277777777778,5,2025-09-14 00:34:48
10,33,0.7152777777777778,5,2025-09-14 00:34:48
10,34,0.6631944444444444,15,2025-09-14 00:34:48
10,35,0.7395833333333334,10,2025-09-14 00:34:48
10,36,0.71875,10,2025-09-14 00:34:48
10,37,0.7291666666666666,9,2025-09-14 00:34:48
10,38,0.6944444444444444,12,2025-09-14 00:34:48
10,39,0.6805555555555556,4,2025-09-14 00:34:48
11,0,0.6805555555555556,11,2025-09-14 00:34:48
11,1,0.7083333333333334,13,2025-09-14 00:34:48
11,2,0.7118055555555556,5,2025-09-14 00:34:48
11,3,0.6909722222222222,2,2025-09-14 00:34:48
11,4,0.7152777777777778,3,2025-09-14 00:34:48
11,5,0.6770833333333334,10,2025-09-14 00:34:48
11,6,0.7083333333333334,5,2025-09-14 00:34:48
11,7,0.6701388888888888,1,2025-09-14 00:34:48
11,8,0.7013888888888888,4,2025-09-14 00:34:48
11,9,0.7013888888888888,10,2025-09-14 00:34:48
11,10,0.6736111111111112,15,2025-09-14 00:34:48
11,11,0.7083333333333334,8,2025-09-14 00:34:48
11,12,0.7013888888888888,5,2025-09-14 00:34:48
11,13,0.65625,7,2025-09-14 00:34:48
11,14,0.6736111111111112,16,2025-09-14 00:34:48
11,15,0.7048611111111112,1,2025-09-14 00:34:48
11,16,0.7013888888888888,3,2025-09-14 00:34:48
11,17,0.65625,6,2025-09-14 00:34:48
11,18,0.6944444444444444,2,2025-09-14 00:34:48
11,19,0.6805555555555556,1,2025-09-14 00:34:48
11,20,0.7638888888888888,2,2025-09-14 00:34:48
11,21,0.6701388888888888,8,2025-09-14 00:34:48
11,22,0.6875,1,2025-09-14 00:34:48
11,23,0.7222222222222222,1,2025-09-14 00:34:48
11,24,0.7013888888888888,3,2025-09-14 00:34:48
11,25,0.6840277777777778,1,2025-09-14 00:34:48
11,26,0.6736111111111112,8,2025-09-14 00:34:48
11,27,0.6666666666666666,1,2025-09-14 00:34:48
11,28,0.7118055555555556,2,2025-09-14 00:34:48
11,29,0.7222222222222222,9,2025-09-14 00:34:48
11,30,0.6979166666666666,2,2025-09-14 00:34:48
11,31,0.6493055555555556,3,2025-09-14 00:34:48
11,32,0.65625,12,2025-09-14 00:34:48
11,33,0.6944444444444444,9,2025-09-14 00:34:48
11,34,0.6875,9,2025-09-14 00:34:48
11,35,0.7222222222222222,6,2025-09-14 00:34:48
11,36,0.7152777777777778,9,2025-09-14 00:34:48
11,37,0.6944444444444444,1,2025-09-14 00:34:48
11,38,0.6944444444444444,5,2025-09-14 00:34:48
11,39,0.71875,2,2025-09-14 00:34:48
12,0,0.7083333333333334,1,2025-09-14 00:34:48
12,1,0.71875,9,2025-09-14 00:34:48
12,2,0.7118055555555556,4,2025-09-14 00:34:48
12,3,0.7152777777777778,4,2025-09-14 00:34:48
12,4,0.7291666666666666,4,2025-09-14 00:34:48
12,5,0.6909722222222222,8,2025-09-14 00:34:48
12,6,0.7048611111111112,1,2025-09-14 00:34:48
12,7,0.7048611111111112,5,2025-09-14 00:34:48
12,8,0.7326388888888888,1,2025-09-14 00:34:48
12,9,0.6909722222222222,11,2025-09-14 00:34:48
12,10,0.7118055555555556,5,2025-09-14 00:34:48
12,11,0.7222222222222222,2,2025-09-14 00:34:48
12,12,0.7291666666666666,3,2025-09-14 00:34:48
12,13,0.6875,14,2025-09-14 00:34:48
12,14,0.6631944444444444,16,2025-09-14 00:34:48
12,15,0.6979166666666666,6,2025-09-14 00:34:48
12,16,0.6736111111111112,1,2025-09-14 00:34:48
12,17,0.7083333333333334,10,2025-09-14 00:34:48
12,18,0.7326388888888888,9,2025-09-14 00:34:48
12,19,0.7152777777777778,6,2025-09-14 00:34:48
12,20,0.6979166666666666,10,2025-09-14 00:34:48
12,21,0.6666666666666666,1,2025-09-14 00:34:48
12,22,0.7256944444444444,7,2025-09-14 00:34:48
12,23,0.6597222222222222,15,2025-09-14 00:34:48
12,24,0.6701388888888888,5,2025-09-14 00:34:48
12,25,0.6840277777777778,13,2025-09-14 00:34:48
12,26,0.6527777777777778,6,2025-09-14 00:34:48
12,27,0.6527777777777778,4,2025-09-14 00:34:48
12,28,0.6527777777777778,12,2025-09-14 00:34:48
12,29,0.6944444444444444,11,2025-09-14 00:34:48
12,30,0.6875,6,2025-09-14 00:34:48
12,31,0.6979166666666666,5,2025-09-14 00:34:48
12,32,0.6666666666666666,2,2025-09-14 00:34:48
12,33,0.6770833333333334,1,2025-09-14 00:34:48
12,34,0.7048611111111112,1,2025-09-14 00:34:48
12,35,0.6597222222222222,4,2025-09-14 00:34:48
12,36,0.7048611111111112,7,2025-09-14 00:34:48
12,37,0.7118055555555556,2,2025-09-14 00:34:48
12,38,0.6736111111111112,3,2025-09-14 00:34:48
12,39,0.7083333333333334,7,2025-09-14 00:34:48
13,0,0.7118055555555556,10,2025-09-14 00:34:48
13,1,0.6909722222222222,14,2025-09-14 00:34:48
13,2,0.6875,15,2025-09-14 00:34:48
13,3,0.7152777777777778,7,2025-09-14 00:34:48
13,4,0.6805555555555556,14,2025-09-14 00:34:48
13,5,0.7013888888888888,3,2025-09-14 00:34:48
13,6,0.7083333333333334,1,2025-09-14 00:34:48
13,7,0.6909722222222222,14,2025-09-14 00:34:48
13,8,0.7152777777777778,2,2025-09-14 00:34:48
13,9,0.6944444444444444,15,2025-09-14 00:34:48
13,10,0.7534722222222222,2,2025-09-14 00:34:48
13,11,0.6979166666666666,3,2025-09-14 00:34:48
13,12,0.7743055555555556,11,2025-09-14 00:34:48
13,13,0.7083333333333334,11,2025-09-14 00:34:48
13,14,0.6944444444444444,1,2025-09-14 00:34:48
13,15,0.7152777777777778,2,2025-09-14 00:34:48
13,16,0.7326388888888888,12,2025-09-14 00:34:48
13,17,0.6909722222222222,12,2025-09-14 00:34:48
13,18,0.7152777777777778,3,2025-09-14 00:34:48
13,19,0.71875,1,2025-09-14 00:34:48
13,20,0.6701388888888888,12,2025-09-14 00:34:48
13,21,0.6736111111111112,1,2025-09-14 00:34:48
13,22,0.7013888888888888,13,2025-09-14 00:34:48
13,23,0.71875,1,2025-09-14 00:34:48
13,24,0.7013888888888888,1,2025-09-14 00:34:48
13,25,0.6979166666666666,1,2025-09-14 00:34:48
13,26,0.6770833333333334,1,2025-09-14 00:34:48
13,27,0.6979166666666666,1,2025-09-14 00:34:48
13,28,0.6840277777777778,3,2025-09-14 00:34:48
13,29,0.6944444444444444,11,2025-09-14 00:34:48
13,30,0.6909722222222222,2,2025-09-14 00:34:48
13,31,0.6527777777777778,3,2025-09-14 00:34:48
13,32,0.7152777777777778,5,2025-09-14 00:34:48
13,33,0.7013888888888888,16,2025-09-14 00:34:48
13,34,0.7430555555555556,11,2025-09-14 00:34:48
13,35,0.7326388888888888,5,2025-09-14 00:34:48
13,36,0.7048611111111112,2,2025-09-14 00:34:48
13,37,0.6944444444444444,5,2025-09-14 00:34:48
13,38,0.6805555555555556,2,2025-09-14 00:34:48
13,39,0.6979166666666666,1,2025-09-14 00:34:48
14,0,0.7013888888888888,1,2025-09-14 00:34:48
14,1,0.6840277777777778,2,2025-09-14 00:34:48
14,2,0.6631944444444444,6,2025-09-14 00:34:48
14,3,0.6736111111111112,2,2025-09-14 00:34:48
14,4,0.6979166666666666,8,2025-09-14 00:34:48
14,5,0.6770833333333334,15,2025-09-14 00:34:48
14,6,0.7048611111111112,8,2025-09-14 00:34:48
14,7,0.7118055555555556,9,2025-09-14 00:34:48
14,8,0.6875,8,2025-09-14 00:34:48
14,9,0.6909722222222222,7,2025-09-14 00:34:48
14,10,0.6979166666666666,2,2025-09-14 00:34:48
14,11,0.6701388888888888,9,2025-09-14 00:34:48
14,12,0.7291666666666666,9,2025-09-14 00:34:48
14,13,0.7013888888888888,12,2025-09-14 00:34:48
14,14,0.7152777777777778,1,2025-09-14 00:34:48
14,15,0.6701388888888888,2,2025-09-14 00:34:48
14,16,0.6388888888888888,15,2025-09-14 00:34:48
14,17,0.6875,10,2025-09-14 00:34:48
14,18,0.6979166666666666,9,2025-09-14 00:34:48
14,19,0.6909722222222222,2,2025-09-14 00:34:48
14,20,0.6631944444444444,14,2025-09-14 00:34:48
14,21,0.6909722222222222,4,2025-09-14 00:34:48
14,22,0.6909722222222222,14,2025-09-14 00:34:48
14,23,0.7152777777777778,11,2025-09-14 00:34:48
14,24,0.7118055555555556,1,2025-09-14 00:34:48
14,25,0.6701388888888888,6,2025-09-14 00:34:48
14,26,0.6805555555555556,1,2025-09-14 00:34:48
14,27,0.7222222222222222,10,2025-09-14 00:34:48
14,28,0.65625,2,2025-09-14 00:34:48
14,29,0.6909722222222222,4,2025-09-14 00:34:48
14,30,0.6944444444444444,12,2025-09-14 00:34:48
14,31,0.7013888888888888,2,2025-09-14 00:34:48
14,32,0.6770833333333334,3,2025-09-14 00:34:48
14,33,0.6875,6,2025-09-14 00:34:48
14,34,0.6770833333333334,5,2025-09-14 00:34:48
14,35,0.6736111111111112,1,2025-09-14 00:34:48
14,36,0.71875,4,2025-09-14 00:34:48
14,37,0.7013888888888888,11,2025-09-14 00:34:48
14,38,0.7048611111111112,5,2025-09-14 00:34:48
14,39,0.6875,1,2025-09-14 00:34:48
15,0,0.6875,3,2025-09-14 00:34:48
15,1,0.6909722222222222,10,2025-09-14 00:34:48
15,2,0.7569444444444444,15,2025-09-14 00:34:48
15,3,0.7083333333333334,9,2025-09-14 00:34:48
15,4,0.7430555555555556,11,2025-09-14 00:34:48
15,5,0.6805555555555556,3,2025-09-14 00:34:48
15,6,0.7430555555555556,6,2025-09-14 00:34:48
15,7,0.7118055555555556,11,2025-09-14 00:34:48
15,8,0.7048611111111112,11,2025-09-14 00:34:48
15,9,0.6979166666666666,3,2025-09-14 00:34:48
15,10,0.6770833333333334,3,2025-09-14 00:34:48
15,11,0.7118055555555556,3,2025-09-14 00:34:48
15,12,0.7083333333333334,3,2025-09-14 00:34:48
15,13,0.7048611111111112,6,2025-09-14 00:34:48
15,14,0.7083333333333334,13,2025-09-14 00:34:48
15,15,0.7291666666666666,14,2025-09-14 00:34:48
15,16,0.6909722222222222,2,2025-09-14 00:34:48
15,17,0.6631944444444444,14,2025-09-14 00:34:48
15,18,0.7152777777777778,5,2025-09-14 00:34:48
15,19,0.7673611111111112,3,2025-09-14 00:34:48
15,20,0.6840277777777778,1,2025-09-14 00:34:48
15,21,0.6909722222222222,7,2025-09-14 00:34:48
15,22,0.7048611111111112,1,2025-09-14 00:34:48
15,23,0.6736111111111112,1,2025-09-14 00:34:48
15,24,0.7222222222222222,2,2025-09-14 00:34:48
15,25,0.6944444444444444,7,2025-09-14 00:34:48
15,26,0.7222222222222222,10,2025-09-14 00:34:48
15,27,0.6944444444444444,2,2025-09-14 00:34:48
15,28,0.7222222222222222,5,2025-09-14 00:34:48
15,29,0.7048611111111112,6,2025-09-14 00:34:48
15,30,0.6736111111111112,1,2025-09-14 00:34:48
15,31,0.6631944444444444,8,2025-09-14 00:34:48
15,32,0.7013888888888888,4,2025-09-14 00:34:48
15,33,0.6979166666666666,3,2025-09-14 00:34:48
15,34,0.6909722222222222,14,2025-09-14 00:34:48
15,35,0.7048611111111112,3,2025-09-14 00:34:48
15,36,0.7222222222222222,5,2025-09-14 00:34:48
15,37,0.7013888888888888,1,2025-09-14 00:34:48
15,38,0.7256944444444444,2,2025-09-14 00:34:48
15,39,0.6979166666666666,1,2025-09-14 00:34:48
16,0,0.6631944444444444,8,2025-09-14 00:34:48
16,1,0.7083333333333334,11,2025-09-14 00:34:48
16,2,0.7013888888888888,3,2025-09-14 00:34:48
16,3,0.6770833333333334,6,2025-09-14 00:34:48
16,4,0.6319444444444444,9,2025-09-14 00:34:48
16,5,0.7916666666666666,12,2025-09-14 00:34:48
16,6,0.7152777777777778,4,2025-09-14 00:34:48
16,7,0.7118055555555556,5,2025-09-14 00:34:48
16,8,0.7222222222222222,2,2025-09-14 00:34:48
16,9,0.7326388888888888,13,2025-09-14 00:34:48
16,10,0.7083333333333334,13,2025-09-14 00:34:48
16,11,0.6770833333333334,2,2025-09-14 00:34:48
16,12,0.75,3,2025-09-14 00:34:48
16,13,0.6805555555555556,13,2025-09-14 00:34:48
16,14,0.6840277777777778,4,2025-09-14 00:34:48
16,15,0.7395833333333334,1,2025-09-14 00:34:48
16,16,0.6319444444444444,1,2025-09-14 00:34:48
16,17,0.6180555555555556,4,2025-09-14 00:34:48
16,18,0.6770833333333334,4,2025-09-14 00:34:48
16,19,0.6701388888888888,14,2025-09-14 00:34:48
16,20,0.6770833333333334,1,2025-09-14 00:34:48
16,21,0.6875,3,2025-09-14 00:34:48
16,22,0.7083333333333334,5,2025-09-14 00:34:48
16,23,0.7048611111111112,9,2025-09-14 00:34:48
16,24,0.6979166666666666,7,2025-09-14 00:34:48
16,25,0.6770833333333334,8,2025-09-14 00:34:48
16,26,0.6354166666666666,6,2025-09-14 00:34:48
16,27,0.7048611111111112,3,2025-09-14 00:34:48
16,28,0.6909722222222222,1,2025-09-14 00:34:48
16,29,0.7222222222222222,10,2025-09-14 00:34:48
16,30,0.6597222222222222,1,2025-09-14 00:34:48
16,31,0.6770833333333334,1,2025-09-14 00:34:48
16,32,0.6527777777777778,2,2025-09-14 00:34:48
16,33,0.6805555555555556,4,2025-09-14 00:34:48
16,34,0.7152777777777778,5,2025-09-14 00:34:48
16,35,0.6493055555555556,2,2025-09-14 00:34:48
16,36,0.6527777777777778,1,2025-09-14 00:34:48
16,37,0.6666666666666666,3,2025-09-14 00:34:48
16,38,0.7326388888888888,11,2025-09-14 00:34:48
16,39,0.6840277777777778,6,2025-09-14 00:34:48
17,0,0.6840277777777778,13,2025-09-14 00:34:48
17,1,0.6840277777777778,1,2025-09-14 00:34:48
17,2,0.6909722222222222,12,2025-09-14 00:34:48
17,3,0.6840277777777778,4,2025-09-14 00:34:48
17,4,0.7291666666666666,13,2025-09-14 00:34:48
17,5,0.6909722222222222,2,2025-09-14 00:34:48
17,6,0.6805555555555556,8,2025-09-14 00:34:48
17,7,0.6770833333333334,2,2025-09-14 00:34:48
17,8,0.6423611111111112,7,2025-09-14 00:34:48
17,9,0.7048611111111112,14,2025-09-14 00:34:48
17,10,0.7222222222222222,5,2025-09-14 00:34:48
17,11,0.7083333333333334,3,2025-09-14 00:34:48
17,12,0.6666666666666666,17,2025-09-14 00:34:48
17,13,0.7083333333333334,5,2025-09-14 00:34:48
17,14,0.7118055555555556,4,2025-09-14 00:34:48
17,15,0.6979166666666666,11,2025-09-14 00:34:48
17,16,0.7083333333333334,2,2025-09-14 00:34:48
17,17,0.6388888888888888,1,2025-09-14 00:34:48
17,18,0.7118055555555556,1,2025-09-14 00:34:48
17,19,0.7222222222222222,1,2025-09-14 00:34:48
17,20,0.6909722222222222,2,2025-09-14 00:34:48
17,21,0.6875,8,2025-09-14 00:34:48
17,22,0.6944444444444444,1,2025-09-14 00:34:48
17,23,0.6909722222222222,10,2025-09-14 00:34:48
17,24,0.6909722222222222,16,2025-09-14 00:34:48
17,25,0.7291666666666666,8,2025-09-14 00:34:48
17,26,0.6944444444444444,7,2025-09-14 00:34:48
17,27,0.6493055555555556,3,2025-09-14 00:34:48
17,28,0.6770833333333334,4,2025-09-14 00:34:48
17,29,0.7083333333333334,2,2025-09-14 00:34:48
17,30,0.6875,6,2025-09-14 00:34:48
17,31,0.6527777777777778,2,2025-09-14 00:34:48
17,32,0.7465277777777778,6,2025-09-14 00:34:48
17,33,0.7291666666666666,2,2025-09-14 00:34:48
17,34,0.6736111111111112,13,2025-09-14 00:34:48
17,35,0.6875,9,2025-09-14 00:34:48
17,36,0.6875,8,2025-09-14 00:34:48
17,37,0.7152777777777778,1,2025-09-14 00:34:48
17,38,0.6875,5,2025-09-14 00:34:48
17,39,0.6875,8,2025-09-14 00:34:48
18,0,0.6597222222222222,10,2025-09-14 00:34:48
18,1,0.6979166666666666,9,2025-09-14 00:34:48
18,2,0.7326388888888888,2,2025-09-14 00:34:48
18,3,0.6666666666666666,9,2025-09-14 00:34:48
18,4,0.6701388888888888,3,2025-09-14 00:34:48
18,5,0.6736111111111112,10,2025-09-14 00:34:48
18,6,0.75,18,2025-09-14 00:34:48
18,7,0.7083333333333334,10,2025-09-14 00:34:48
18,8,0.6875,7,2025-09-14 00:34:48
18,9,0.6840277777777778,10,2025-09-14 00:34:48
18,10,0.7152777777777778,2,2025-09-14 00:34:48
18,11,0.7256944444444444,1,2025-09-14 00:34:48
18,12,0.6631944444444444,4,2025-09-14 00:34:48
18,13,0.6875,1,2025-09-14 00:34:48
18,14,0.6631944444444444,1,2025-09-14 00:34:48
18,15,0.7013888888888888,3,2025-09-14 00:34:48
18,16,0.6944444444444444,4,2025-09-14 00:34:48
18,17,0.6458333333333334,2,2025-09-14 00:34:48
18,18,0.6875,7,2025-09-14 00:34:48
18,19,0.7048611111111112,2,2025-09-14 00:34:48
18,20,0.71875,11,2025-09-14 00:34:48
18,21,0.7083333333333334,3,2025-09-14 00:34:48
18,22,0.7569444444444444,2,2025-09-14 00:34:48
18,23,0.7118055555555556,13,2025-09-14 00:34:48
18,24,0.7291666666666666,1,2025-09-14 00:34:48
18,25,0.7222222222222222,7,2025-09-14 00:34:48
18,26,0.7291666666666666,6,2025-09-14 00:34:48
18,27,0.6944444444444444,11,2025-09-14 00:34:48
18,28,0.7048611111111112,11,2025-09-14 00:34:48
18,29,0.7222222222222222,8,2025-09-14 00:34:48
18,30,0.7152777777777778,1,2025-09-14 00:34:48
18,31,0.75,10,2025-09-14 00:34:48
18,32,0.6840277777777778,6,2025-09-14 00:34:48
18,33,0.7361111111111112,11,2025-09-14 00:34:48
18,34,0.6805555555555556,5,2025-09-14 00:34:48
18,35,0.7083333333333334,9,2025-09-14 00:34:48
18,36,0.7083333333333334,4,2025-09-14 00:34:48
18,37,0.7118055555555556,15,2025-09-14 00:34:48
18,38,0.71875,11,2025-09-14 00:34:48
18,39,0.71875,1,2025-09-14 00:34:48
19,0,0.7048611111111112,12,2025-09-14 00:34:48
19,1,0.7326388888888888,4,2025-09-14 00:34:48
19,2,0.6493055555555556,7,2025-09-14 00:34:48
19,3,0.7361111111111112,8,2025-09-14 00:34:48
19,4,0.6875,4,2025-09-14 00:34:48
19,5,0.7048611111111112,12,2025-09-14 00:34:48
19,6,0.7291666666666666,12,2025-09-14 00:34:48
19,7,0.7326388888888888,12,2025-09-14 00:34:48
19,8,0.71875,3,2025-09-14 00:34:48
19,9,0.6944444444444444,7,2025-09-14 00:34:48
19,10,0.71875,10,2025-09-14 00:34:48
19,11,0.7048611111111112,9,2025-09-14 00:34:48
19,12,0.75,14,2025-09-14 00:34:48
19,13,0.7326388888888888,12,2025-09-14 00:34:48
19,14,0.7152777777777778,8,2025-09-14 00:34:48
19,15,0.6944444444444444,4,2025-09-14 00:34:48
19,16,0.6805555555555556,6,2025-09-14 00:34:48
19,17,0.6493055555555556,3,2025-09-14 00:34:48
19,18,0.7256944444444444,6,2025-09-14 00:34:48
19,19,0.6875,5,2025-09-14 00:34:48
19,20,0.7256944444444444,6,2025-09-14 00:34:48
19,21,0.7152777777777778,1,2025-09-14 00:34:48
19,22,0.7083333333333334,1,2025-09-14 00:34:48
19,23,0.71875,5,2025-09-14 00:34:48
19,24,0.7222222222222222,1,2025-09-14 00:34:48
19,25,0.7291666666666666,4,2025-09-14 00:34:48
19,26,0.7048611111111112,4,2025-09-14 00:34:48
19,27,0.7395833333333334,7,2025-09-14 00:34:48
19,28,0.7638888888888888,17,2025-09-14 00:34:48
19,29,0.7118055555555556,11,2025-09-14 00:34:48
19,30,0.7256944444444444,14,2025-09-14 00:34:48
19,31,0.6701388888888888,1,2025-09-14 00:34:48
19,32,0.7152777777777778,1,2025-09-14 00:34:48
19,33,0.6840277777777778,10,2025-09-14 00:34:48
19,34,0.6944444444444444,8,2025-09-14 00:34:48
19,35,0.7118055555555556,9,2025-09-14 00:34:48
19,36,0.6944444444444444,11,2025-09-14 00:34:48
19,37,0.7013888888888888,6,2025-09-14 00:34:48
19,38,0.7465277777777778,16,2025-09-14 00:34:48
19,39,0.7222222222222222,3,2025-09-14 00:34:48
20,0,0.7048611111111112,8,2025-09-14 00:34:48
20,1,0.6458333333333334,1,2025-09-14 00:34:48
20,2,0.6458333333333334,8,2025-09-14 00:34:48
20,3,0.6840277777777778,4,2025-09-14 00:34:48
20,4,0.71875,3,2025-09-14 00:34:48
20,5,0.6631944444444444,2,2025-09-14 00:34:48
20,6,0.7222222222222222,10,2025-09-14 00:34:48
20,7,0.7291666666666666,13,2025-09-14 00:34:48
20,8,0.6979166666666666,7,2025-09-14 00:34:48
20,9,0.7222222222222222,4,2025-09-14 00:34:48
20,10,0.6875,1,2025-09-14 00:34:48
20,11,0.6805555555555556,6,2025-09-14 00:34:48
20,12,0.6701388888888888,3,2025-09-14 00:34:48
20,13,0.6354166666666666,3,2025-09-14 00:34:48
20,14,0.7118055555555556,2,2025-09-14 00:34:48
20,15,0.6875,1,2025-09-14 00:34:48
20,16,0.6944444444444444,6,2025-09-14 00:34:48
20,17,0.6979166666666666,2,2025-09-14 00:34:48
20,18,0.7291666666666666,1,2025-09-14 00:34:48
20,19,0.6770833333333334,1,2025-09-14 00:34:48
20,20,0.7118055555555556,9,2025-09-14 00:34:48
20,21,0.6770833333333334,10,2025-09-14 00:34:48
20,22,0.6909722222222222,4,2025-09-14 00:34:48
20,23,0.6909722222222222,1,2025-09-14 00:34:48
20,24,0.6979166666666666,1,2025-09-14 00:34:48
20,25,0.6666666666666666,6,2025-09-14 00:34:48
20,26,0.6909722222222222,2,2025-09-14 00:34:48
20,27,0.7291666666666666,10,2025-09-14 00:34:48
20,28,0.6736111111111112,3,2025-09-14 00:34:48
20,29,0.6875,4,2025-09-14 00:34:48
20,30,0.75,4,2025-09-14 00:34:48
20,31,0.7569444444444444,3,2025-09-14 00:34:48
20,32,0.6840277777777778,9,2025-09-14 00:34:48
20,33,0.6875,9,2025-09-14 00:34:48
20,34,0.6631944444444444,2,2025-09-14 00:34:48
20,35,0.7222222222222222,9,2025-09-14 00:34:48
20,36,0.7152777777777778,4,2025-09-14 00:34:48
20,37,0.6319444444444444,8,2025-09-14 00:34:48
20,38,0.6701388888888888,1,2025-09-14 00:34:48
20,39,0.6979166666666666,10,2025-09-14 00:34:48
21,0,0.6805555555555556,7,2025-09-14 00:34:48
21,1,0.6701388888888888,6,2025-09-14 00:34:48
21,2,0.6979166666666666,7,2025-09-14 00:34:48
21,3,0.6909722222222222,3,2025-09-14 00:34:48
21,4,0.6701388888888888,12,2025-09-14 00:34:48
21,5,0.7152777777777778,8,2025-09-14 00:34:48
21,6,0.6944444444444444,15,2025-09-14 00:34:48
21,7,0.7465277777777778,15,2025-09-14 00:34:48
21,8,0.7430555555555556,12,2025-09-14 00:34:48
21,9,0.6770833333333334,14,2025-09-14 00:34:48
21,10,0.7083333333333334,8,2025-09-14 00:34:48
21,11,0.6944444444444444,2,2025-09-14 00:34:48
21,12,0.6944444444444444,3,2025-09-14 00:34:48
21,13,0.6840277777777778,11,2025-09-14 00:34:48
21,14,0.7222222222222222,3,2025-09-14 00:34:48
21,15,0.6770833333333334,12,2025-09-14 00:34:48
21,16,0.7291666666666666,6,2025-09-14 00:34:48
21,17,0.6805555555555556,4,2025-09-14 00:34:48
21,18,0.7569444444444444,7,2025-09-14 00:34:48
21,19,0.7013888888888888,16,2025-09-14 00:34:48
21,20,0.7291666666666666,7,2025-09-14 00:34:48
21,21,0.6979166666666666,9,2025-09-14 00:34:48
21,22,0.6944444444444444,13,2025-09-14 00:34:48
21,23,0.7222222222222222,12,2025-09-14 00:34:48
21,24,0.6736111111111112,13,2025-09-14 00:34:48
21,25,0.6840277777777778,13,2025-09-14 00:34:48
21,26,0.7083333333333334,3,2025-09-14 00:34:48
21,27,0.7361111111111112,4,2025-09-14 00:34:48
21,28,0.6944444444444444,2,2025-09-14 00:34:48
21,29,0.7013888888888888,12,2025-09-14 00:34:48
21,30,0.7222222222222222,4,2025-09-14 00:34:48
21,31,0.6909722222222222,3,2025-09-14 00:34:48
21,32,0.6423611111111112,1,2025-09-14 00:34:48
21,33,0.6388888888888888,8,2025-09-14 00:34:48
21,34,0.6770833333333334,3,2025-09-14 00:34:48
21,35,0.71875,6,2025-09-14 00:34:48
21,36,0.6805555555555556,1,2025-09-14 00:34:48
21,37,0.6909722222222222,4,2025-09-14 00:34:48
21,38,0.6666666666666666,1,2025-09-14 00:34:48
21,39,0.6770833333333334,8,2025-09-14 00:34:48
22,0,0.7430555555555556,12,2025-09-14 00:34:48
22,1,0.7708333333333334,10,2025-09-14 00:34:48
22,2,0.7673611111111112,11,2025-09-14 00:34:48
22,3,0.7118055555555556,11,2025-09-14 00:34:48
22,4,0.6875,9,2025-09-14 00:34:48
22,5,0.6840277777777778,4,2025-09-14 00:34:48
22,6,0.6493055555555556,4,2025-09-14 00:34:48
22,7,0.7152777777777778,9,2025-09-14 00:34:48
22,8,0.7222222222222222,3,2025-09-14 00:34:48
22,9,0.6979166666666666,7,2025-09-14 00:34:48
22,10,0.7361111111111112,4,2025-09-14 00:34:48
22,11,0.6666666666666666,5,2025-09-14 00:34:48
22,12,0.6979166666666666,2,2025-09-14 00:34:48
22,13,0.6979166666666666,10,2025-09-14 00:34:48
22,14,0.7222222222222222,5,2025-09-14 00:34:48
22,15,0.6944444444444444,13,2025-09-14 00:34:48
22,16,0.7326388888888888,8,2025-09-14 00:34:48
22,17,0.6736111111111112,2,2025-09-14 00:34:48
22,18,0.7430555555555556,7,2025-09-14 00:34:48
22,19,0.6493055555555556,2,2025-09-14 00:34:48
22,20,0.6736111111111112,10,2025-09-14 00:34:48
22,21,0.7048611111111112,10,2025-09-14 00:34:48
22,22,0.6979166666666666,7,2025-09-14 00:34:48
22,23,0.6770833333333334,2,2025-09-14 00:34:48
22,24,0.6979166666666666,2,2025-09-14 00:34:48
22,25,0.6597222222222222,2,2025-09-14 00:34:48
22,26,0.6701388888888888,12,2025-09-14 00:34:48
22,27,0.6736111111111112,2,2025-09-14 00:34:48
22,28,0.6909722222222222,1,2025-09-14 00:34:48
22,29,0.6875,1,2025-09-14 00:34:48
22,30,0.6736111111111112,1,2025-09-14 00:34:48
22,31,0.6631944444444444,11,2025-09-14 00:34:48
22,32,0.7326388888888888,13,2025-09-14 00:34:48
22,33,0.6909722222222222,7,2025-09-14 00:34:48
22,34,0.71875,6,2025-09-14 00:34:48
22,35,0.6909722222222222,5,2025-09-14 00:34:48
22,36,0.7013888888888888,11,2025-09-14 00:34:48
22,37,0.6805555555555556,12,2025-09-14 00:34:48
22,38,0.7361111111111112,3,2025-09-14 00:34:48
22,39,0.6875,2,2025-09-14 00:34:48
23,0,0.7013888888888888,8,2025-09-14 00:34:48
23,1,0.6979166666666666,8,2025-09-14 00:34:48
23,2,0.7083333333333334,2,2025-09-14 00:34:48
23,3,0.6631944444444444,8,2025-09-14 00:34:48
23,4,0.6631944444444444,3,2025-09-14 00:34:48
23,5,0.7152777777777778,13,2025-09-14 00:34:48
23,6,0.7118055555555556,12,2025-09-14 00:34:48
23,7,0.6597222222222222,1,2025-09-14 00:34:48
23,8,0.7048611111111112,12,2025-09-14 00:34:48
23,9,0.7083333333333334,14,2025-09-14 00:34:48
23,10,0.7430555555555556,6,2025-09-14 00:34:48
23,11,0.7222222222222222,8,2025-09-14 00:34:48
23,12,0.7083333333333334,1,2025-09-14 00:34:48
23,13,0.7430555555555556,13,2025-09-14 00:34:48
23,14,0.6944444444444444,9,2025-09-14 00:34:48
23,15,0.7604166666666666,5,2025-09-14 00:34:48
23,16,0.7083333333333334,4,2025-09-14 00:34:48
23,17,0.6875,9,2025-09-14 00:34:48
23,18,0.7361111111111112,9,2025-09-14 00:34:48
23,19,0.7326388888888888,5,2025-09-14 00:34:48
23,20,0.6979166666666666,10,2025-09-14 00:34:48
23,21,0.6701388888888888,2,2025-09-14 00:34:48
23,22,0.6631944444444444,1,2025-09-14 00:34:48
23,23,0.6805555555555556,1,2025-09-14 00:34:48
23,24,0.7048611111111112,13,2025-09-14 00:34:48
23,25,0.7013888888888888,1,2025-09-14 00:34:48
23,26,0.7569444444444444,14,2025-09-14 00:34:48
23,27,0.7569444444444444,3,2025-09-14 00:34:48
23,28,0.6666666666666666,3,2025-09-14 00:34:48
23,29,0.7048611111111112,1,2025-09-14 00:34:48
23,30,0.7534722222222222,2,2025-09-14 00:34:48
23,31,0.7326388888888888,2,2025-09-14 00:34:48
23,32,0.7083333333333334,6,2025-09-14 00:34:48
23,33,0.6701388888888888,6,2025-09-14 00:34:48
23,34,0.7222222222222222,3,2025-09-14 00:34:48
23,35,0.6909722222222222,3,2025-09-14 00:34:48
23,36,0.7256944444444444,1,2025-09-14 00:34:48
23,37,0.6979166666666666,9,2025-09-14 00:34:48
23,38,0.6979166666666666,17,2025-09-14 00:34:48
23,39,0.6909722222222222,1,2025-09-14 00:34:48
24,0,0.6770833333333334,2,2025-09-14 00:34:48
24,1,0.7222222222222222,4,2025-09-14 00:34:48
24,2,0.6979166666666666,5,2025-09-14 00:34:48
24,3,0.6979166666666666,7,2025-09-14 00:34:48
24,4,0.7604166666666666,5,2025-09-14 00:34:48
24,5,0.6875,8,2025-09-14 00:34:48
24,6,0.7326388888888888,5,2025-09-14 00:34:48
24,7,0.7326388888888888,8,2025-09-14 00:34:48
24,8,0.6979166666666666,11,2025-09-14 00:34:48
24,9,0.6736111111111112,1,2025-09-14 00:34:48
24,10,0.6944444444444444,9,2025-09-14 00:34:48
24,11,0.6770833333333334,2,2025-09-14 00:34:48
24,12,0.7743055555555556,11,2025-09-14 00:34:48
24,13,0.7222222222222222,11,2025-09-14 00:34:48
24,14,0.6493055555555556,3,2025-09-14 00:34:48
24,15,0.6736111111111112,11,2025-09-14 00:34:48
24,16,0.71875,5,2025-09-14 00:34:48
24,17,0.7152777777777778,9,2025-09-14 00:34:48
24,18,0.7256944444444444,12,2025-09-14 00:34:48
24,19,0.6493055555555556,1,2025-09-14 00:34:48
24,20,0.7048611111111112,9,2025-09-14 00:34:48
24,21,0.7152777777777778,4,2025-09-14 00:34:48
24,22,0.7256944444444444,2,2025-09-14 00:34:48
24,23,0.6805555555555556,12,2025-09-14 00:34:48
24,24,0.7291666666666666,1,2025-09-14 00:34:48
24,25,0.7256944444444444,7,2025-09-14 00:34:48
24,26,0.6736111111111112,2,2025-09-14 00:34:48
24,27,0.7430555555555556,9,2025-09-14 00:34:48
24,28,0.7152777777777778,12,2025-09-14 00:34:48
24,29,0.7152777777777778,12,2025-09-14 00:34:48
24,30,0.7152777777777778,2,2025-09-14 00:34:48
24,31,0.6909722222222222,6,2025-09-14 00:34:48
24,32,0.7361111111111112,1,2025-09-14 00:34:48
24,33,0.7256944444444444,9,2025-09-14 00:34:48
24,34,0.7013888888888888,4,2025-09-14 00:34:48
24,35,0.6979166666666666,8,2025-09-14 00:34:48
24,36,0.7083333333333334,1,2025-09-14 00:34:48
24,37,0.7083333333333334,7,2025-09-14 00:34:48
24,38,0.7118055555555556,3,2025-09-14 00:34:48
24,39,0.6840277777777778,16,2025-09-14 00:34:48
25,0,0.7569444444444444,6,2025-09-14 00:34:48
25,1,0.6805555555555556,7,2025-09-14 00:34:48
25,2,0.6909722222222222,5,2025-09-14 00:34:48
25,3,0.6736111111111112,1,2025-09-14 00:34:48
25,4,0.7118055555555556,2,2025-09-14 00:34:48
25,5,0.7013888888888888,15,2025-09-14 00:34:48
25,6,0.7222222222222222,2,2025-09-14 00:34:48
25,7,0.7118055555555556,7,2025-09-14 00:34:48
25,8,0.7013888888888888,1,2025-09-14 00:34:48
25,9,0.6597222222222222,11,2025-09-14 00:34:48
25,10,0.7256944444444444,4,2025-09-14 00:34:48
25,11,0.7430555555555556,15,2025-09-14 00:34:48
25,12,0.7291666666666666,1,2025-09-14 00:34:48
25,13,0.7048611111111112,2,2025-09-14 00:34:48
25,14,0.7395833333333334,2,2025-09-14 00:34:48
25,15,0.7118055555555556,8,2025-09-14 00:34:48
25,16,0.7048611111111112,1,2025-09-14 00:34:48
25,17,0.7118055555555556,5,2025-09-14 00:34:48
25,18,0.6979166666666666,11,2025-09-14 00:34:48
25,19,0.7083333333333334,10,2025-09-14 00:34:48
25,20,0.6840277777777778,7,2025-09-14 00:34:48
25,21,0.7326388888888888,1,2025-09-14 00:34:48
25,22,0.7395833333333334,2,2025-09-14 00:34:48
25,23,0.7222222222222222,8,2025-09-14 00:34:48
25,24,0.7013888888888888,2,2025-09-14 00:34:48
25,25,0.7152777777777778,7,2025-09-14 00:34:48
25,26,0.6875,12,2025-09-14 00:34:48
25,27,0.6875,6,2025-09-14 00:34:48
25,28,0.7048611111111112,9,2025-09-14 00:34:48
25,29,0.7222222222222222,5,2025-09-14 00:34:48
25,30,0.7152777777777778,9,2025-09-14 00:34:48
25,31,0.6979166666666666,16,2025-09-14 00:34:48
25,32,0.6909722222222222,8,2025-09-14 00:34:48
25,33,0.7118055555555556,4,2025-09-14 00:34:48
25,34,0.7083333333333334,2,2025-09-14 00:34:48
25,35,0.6909722222222222,2,2025-09-14 00:34:48
25,36,0.6701388888888888,11,2025-09-14 00:34:48
25,37,0.6493055555555556,10,2025-09-14 00:34:48
25,38,0.7361111111111112,3,2025-09-14 00:34:48
25,39,0.7083333333333334,1,2025-09-14 00:34:48
26,0,0.7152777777777778,13,2025-09-14 00:34:48
26,1,0.7708333333333334,2,2025-09-14 00:34:48
26,2,0.7430555555555556,13,2025-09-14 00:34:48
26,3,0.7326388888888888,14,2025-09-14 00:34:48
26,4,0.6805555555555556,7,2025-09-14 00:34:48
26,5,0.6666666666666666,9,2025-09-14 00:34:48
26,6,0.71875,4,2025-09-14 00:34:48
26,7,0.7152777777777778,4,2025-09-14 00:34:48
26,8,0.6631944444444444,9,2025-09-14 00:34:48
26,9,0.7152777777777778,2,2025-09-14 00:34:48
26,10,0.7361111111111112,5,2025-09-14 00:34:48
26,11,0.7048611111111112,5,2025-09-14 00:34:48
26,12,0.7013888888888888,12,2025-09-14 00:34:48
26,13,0.6805555555555556,1,2025-09-14 00:34:48
26,14,0.71875,11,2025-09-14 00:34:48
26,15,0.6909722222222222,3,2025-09-14 00:34:48
26,16,0.6909722222222222,1,2025-09-14 00:34:48
26,17,0.7430555555555556,9,2025-09-14 00:34:48
26,18,0.7395833333333334,11,2025-09-14 00:34:48
26,19,0.7152777777777778,3,2025-09-14 00:34:48
26,20,0.6805555555555556,1,2025-09-14 00:34:48
26,21,0.6770833333333334,5,2025-09-14 00:34:48
26,22,0.7048611111111112,11,2025-09-14 00:34:48
26,23,0.7430555555555556,17,2025-09-14 00:34:48
26,24,0.6805555555555556,2,2025-09-14 00:34:48
26,25,0.7152777777777778,1,2025-09-14 00:34:48
26,26,0.6840277777777778,1,2025-09-14 00:34:48
26,27,0.6979166666666666,9,2025-09-14 00:34:48
26,28,0.7361111111111112,1,2025-09-14 00:34:48
26,29,0.6875,8,2025-09-14 00:34:48
26,30,0.71875,7,2025-09-14 00:34:48
26,31,0.71875,4,2025-09-14 00:34:48
26,32,0.7326388888888888,1,2025-09-14 00:34:48
26,33,0.6770833333333334,14,2025-09-14 00:34:48
26,34,0.7395833333333334,7,2025-09-14 00:34:48
26,35,0.6909722222222222,5,2025-09-14 00:34:48
26,36,0.7013888888888888,6,2025-09-14 00:34:48
26,37,0.6736111111111112,8,2025-09-14 00:34:48
26,38,0.6979166666666666,14,2025-09-14 00:34:48
26,39,0.7256944444444444,13,2025-09-14 00:34:48
27,0,0.7569444444444444,5,2025-09-14 00:34:48
27,1,0.7013888888888888,6,2025-09-14 00:34:48
27,2,0.7222222222222222,5,2025-09-14 00:34:48
27,3,0.7291666666666666,4,2025-09-14 00:34:48
27,4,0.6979166666666666,8,2025-09-14 00:34:48
27,5,0.7326388888888888,3,2025-09-14 00:34:48
27,6,0.6423611111111112,5,2025-09-14 00:34:48
27,7,0.7291666666666666,7,2025-09-14 00:34:48
27,8,0.6527777777777778,16,2025-09-14 00:34:48
27,9,0.6979166666666666,3,2025-09-14 00:34:48
27,10,0.7395833333333334,1,2025-09-14 00:34:48
27,11,0.7152777777777778,2,2025-09-14 00:34:48
27,12,0.6076388888888888,6,2025-09-14 00:34:48
27,13,0.7256944444444444,6,2025-09-14 00:34:48
27,14,0.7013888888888888,1,2025-09-14 00:34:48
27,15,0.6840277777777778,2,2025-09-14 00:34:48
27,16,0.7256944444444444,1,2025-09-14 00:34:48
27,17,0.6597222222222222,10,2025-09-14 00:34:48
27,18,0.6597222222222222,8,2025-09-14 00:34:48
27,19,0.7118055555555556,1,2025-09-14 00:34:48
27,20,0.6354166666666666,2,2025-09-14 00:34:48
27,21,0.7361111111111112,10,2025-09-14 00:34:48
27,22,0.7013888888888888,6,2025-09-14 00:34:48
27,23,0.7326388888888888,5,2025-09-14 00:34:48
27,24,0.6458333333333334,1,2025-09-14 00:34:48
27,25,0.7083333333333334,7,2025-09-14 00:34:48
27,26,0.65625,8,2025-09-14 00:34:48
27,27,0.7291666666666666,2,2025-09-14 00:34:48
27,28,0.7256944444444444,1,2025-09-14 00:34:48
27,29,0.6701388888888888,4,2025-09-14 00:34:48
27,30,0.7291666666666666,4,2025-09-14 00:34:48
27,31,0.7256944444444444,1,2025-09-14 00:34:48
27,32,0.7222222222222222,11,2025-09-14 00:34:48
27,33,0.7673611111111112,5,2025-09-14 00:34:48
27,34,0.7048611111111112,12,2025-09-14 00:34:48
27,35,0.6909722222222222,5,2025-09-14 00:34:48
27,36,0.6944444444444444,5,2025-09-14 00:34:48
27,37,0.7326388888888888,3,2025-09-14 00:34:48
27,38,0.6875,1,2025-09-14 00:34:48
27,39,0.7708333333333334,5,2025-09-14 00:34:48
28,0,0.6597222222222222,12,2025-09-14 00:34:48
28,1,0.6840277777777778,1,2025-09-14 00:34:48
28,2,0.7326388888888888,5,2025-09-14 00:34:48
28,3,0.6944444444444444,5,2025-09-14 00:34:48
28,4,0.6736111111111112,9,2025-09-14 00:34:48
28,5,0.6944444444444444,4,2025-09-14 00:34:48
28,6,0.7118055555555556,17,2025-09-14 00:34:48
28,7,0.6701388888888888,5,2025-09-14 00:34:48
28,8,0.7395833333333334,1,2025-09-14 00:34:48
28,9,0.7256944444444444,9,2025-09-14 00:34:48
28,10,0.6909722222222222,6,2025-09-14 00:34:48
28,11,0.7534722222222222,2,2025-09-14 00:34:48
28,12,0.6909722222222222,11,2025-09-14 00:34:48
28,13,0.7048611111111112,10,2025-09-14 00:34:48
28,14,0.6979166666666666,2,2025-09-14 00:34:48
28,15,0.6770833333333334,3,2025-09-14 00:34:48
28,16,0.6909722222222222,6,2025-09-14 00:34:48
28,17,0.7604166666666666,8,2025-09-14 00:34:48
28,18,0.7013888888888888,11,2025-09-14 00:34:48
28,19,0.7395833333333334,2,2025-09-14 00:34:48
28,20,0.7048611111111112,8,2025-09-14 00:34:48
28,21,0.7291666666666666,12,2025-09-14 00:34:48
28,22,0.7083333333333334,8,2025-09-14 00:34:48
28,23,0.6527777777777778,1,2025-09-14 00:34:48
28,24,0.7222222222222222,4,2025-09-14 00:34:48
28,25,0.6736111111111112,1,2025-09-14 00:34:48
28,26,0.6875,9,2025-09-14 00:34:48
28,27,0.6527777777777778,1,2025-09-14 00:34:48
28,28,0.7222222222222222,1,2025-09-14 00:34:48
28,29,0.6736111111111112,2,2025-09-14 00:34:48
28,30,0.6701388888888888,3,2025-09-14 00:34:48
28,31,0.7118055555555556,7,2025-09-14 00:34:48
28,32,0.7013888888888888,12,2025-09-14 00:34:48
28,33,0.7673611111111112,3,2025-09-14 00:34:48
28,34,0.6770833333333334,6,2025-09-14 00:34:48
28,35,0.7048611111111112,9,2025-09-14 00:34:48
28,36,0.6805555555555556,7,2025-09-14 00:34:48
28,37,0.7326388888888888,7,2025-09-14 00:34:48
28,38,0.6631944444444444,3,2025-09-14 00:34:48
28,39,0.6770833333333334,4,2025-09-14 00:34:48
29,0,0.71875,1,2025-09-14 00:34:48
29,1,0.7118055555555556,1,2025-09-14 00:34:48
29,2,0.6631944444444444,2,2025-09-14 00:34:48
29,3,0.7013888888888888,12,2025-09-14 00:34:48
29,4,0.7569444444444444,1,2025-09-14 00:34:48
29,5,0.7326388888888888,11,2025-09-14 00:34:48
29,6,0.7013888888888888,1,2025-09-14 00:34:48
29,7,0.7083333333333334,13,2025-09-14 00:34:48
29,8,0.6666666666666666,3,2025-09-14 00:34:48
29,9,0.6944444444444444,6,2025-09-14 00:34:48
29,10,0.6875,4,2025-09-14 00:34:48
29,11,0.7118055555555556,4,2025-09-14 00:34:48
29,12,0.6597222222222222,2,2025-09-14 00:34:48
29,13,0.6701388888888888,3,2025-09-14 00:34:48
29,14,0.7152777777777778,5,2025-09-14 00:34:48
29,15,0.7083333333333334,5,2025-09-14 00:34:48
29,16,0.7395833333333334,6,2025-09-14 00:34:48
29,17,0.6770833333333334,5,2025-09-14 00:34:48
29,18,0.7222222222222222,1,2025-09-14 00:34:48
29,19,0.7118055555555556,1,2025-09-14 00:34:48
29,20,0.7222222222222222,9,2025-09-14 00:34:48
29,21,0.7326388888888888,6,2025-09-14 00:34:48
29,22,0.7256944444444444,12,2025-09-14 00:34:48
29,23,0.7465277777777778,7,2025-09-14 00:34:48
29,24,0.7534722222222222,10,2025-09-14 00:34:48
29,25,0.7013888888888888,1,2025-09-14 00:34:48
29,26,0.6979166666666666,4,2025-09-14 00:34:48
29,27,0.7256944444444444,1,2025-09-14 00:34:48
29,28,0.7430555555555556,14,2025-09-14 00:34:48
29,29,0.7361111111111112,9,2025-09-14 00:34:48
29,30,0.7048611111111112,1,2025-09-14 00:34:48
29,31,0.7118055555555556,7,2025-09-14 00:34:48
29,32,0.6388888888888888,1,2025-09-14 00:34:48
29,33,0.7013888888888888,5,2025-09-14 00:34:48
29,34,0.7291666666666666,11,2025-09-14 00:34:48
29,35,0.7083333333333334,10,2025-09-14 00:34:48
29,36,0.6770833333333334,1,2025-09-14 00:34:48
29,37,0.71875,11,2025-09-14 00:34:48
29,38,0.6979166666666666,2,2025-09-14 00:34:48
29,39,0.6631944444444444,1,2025-09-14 00:34:48
30,0,0.65625,1,2025-09-14 00:34:48
30,1,0.6840277777777778,10,2025-09-14 00:34:48
30,2,0.7013888888888888,2,2025-09-14 00:34:48
30,3,0.7222222222222222,3,2025-09-14 00:34:48
30,4,0.7465277777777778,2,2025-09-14 00:34:48
30,5,0.71875,7,2025-09-14 00:34:48
30,6,0.7430555555555556,10,2025-09-14 00:34:48
30,7,0.7465277777777778,11,2025-09-14 00:34:48
30,8,0.7083333333333334,7,2025-09-14 00:34:48
30,9,0.7013888888888888,4,2025-09-14 00:34:48
30,10,0.7361111111111112,3,2025-09-14 00:34:48
30,11,0.7118055555555556,5,2025-09-14 00:34:48
30,12,0.7013888888888888,4,2025-09-14 00:34:48
30,13,0.7118055555555556,1,2025-09-14 00:34:48
30,14,0.7222222222222222,4,2025-09-14 00:34:48
30,15,0.7430555555555556,6,2025-09-14 00:34:48
30,16,0.7256944444444444,6,2025-09-14 00:34:48
30,17,0.7465277777777778,8,2025-09-14 00:34:48
30,18,0.7291666666666666,15,2025-09-14 00:34:48
30,19,0.6840277777777778,1,2025-09-14 00:34:48
30,20,0.7083333333333334,9,2025-09-14 00:34:48
30,21,0.7083333333333334,3,2025-09-14 00:34:48
30,22,0.7222222222222222,5,2025-09-14 00:34:48
30,23,0.7048611111111112,3,2025-09-14 00:34:48
30,24,0.7152777777777778,8,2025-09-14 00:34:48
30,25,0.6979166666666666,18,2025-09-14 00:34:48
30,26,0.6840277777777778,3,2025-09-14 00:34:48
30,27,0.7430555555555556,16,2025-09-14 00:34:48
30,28,0.7048611111111112,2,2025-09-14 00:34:48
30,29,0.6388888888888888,2,2025-09-14 00:34:48
30,30,0.7430555555555556,2,2025-09-14 00:34:48
30,31,0.6527777777777778,5,2025-09-14 00:34:48
30,32,0.7291666666666666,1,2025-09-14 00:34:48
30,33,0.6909722222222222,1,2025-09-14 00:34:48
30,34,0.6840277777777778,2,2025-09-14 00:34:48
30,35,0.7395833333333334,12,2025-09-14 00:34:48
30,36,0.7222222222222222,1,2025-09-14 00:34:48
30,37,0.75,1,2025-09-14 00:34:48
30,38,0.7152777777777778,3,2025-09-14 00:34:48
30,39,0.6736111111111112,4,2025-09-14 00:34:48
31,0,0.71875,1,2025-09-14 00:34:48
31,1,0.7326388888888888,15,2025-09-14 00:34:48
31,2,0.7222222222222222,5,2025-09-14 00:34:48
31,3,0.7118055555555556,8,2025-09-14 00:34:48
31,4,0.7326388888888888,5,2025-09-14 00:34:48
31,5,0.6840277777777778,9,2025-09-14 00:34:48
31,6,0.6631944444444444,2,2025-09-14 00:34:48
31,7,0.7083333333333334,5,2025-09-14 00:34:48
31,8,0.71875,1,2025-09-14 00:34:48
31,9,0.7395833333333334,1,2025-09-14 00:34:48
31,10,0.71875,3,2025-09-14 00:34:48
31,11,0.6805555555555556,7,2025-09-14 00:34:48
31,12,0.7256944444444444,4,2025-09-14 00:34:48
31,13,0.6840277777777778,12,2025-09-14 00:34:48
31,14,0.7430555555555556,10,2025-09-14 00:34:48
31,15,0.6909722222222222,1,2025-09-14 00:34:48
31,16,0.7361111111111112,15,2025-09-14 00:34:48
31,17,0.7395833333333334,1,2025-09-14 00:34:48
31,18,0.7048611111111112,5,2025-09-14 00:34:48
31,19,0.7673611111111112,12,2025-09-14 00:34:48
31,20,0.7013888888888888,6,2025-09-14 00:34:48
31,21,0.6597222222222222,4,2025-09-14 00:34:48
31,22,0.7118055555555556,11,2025-09-14 00:34:48
31,23,0.6909722222222222,8,2025-09-14 00:34:48
31,24,0.7083333333333334,13,2025-09-14 00:34:48
31,25,0.6979166666666666,5,2025-09-14 00:34:48
31,26,0.7118055555555556,1,2025-09-14 00:34:48
31,27,0.6770833333333334,11,2025-09-14 00:34:48
31,28,0.6701388888888888,7,2025-09-14 00:34:48
31,29,0.6979166666666666,11,2025-09-14 00:34:48
31,30,0.6979166666666666,10,2025-09-14 00:34:48
31,31,0.7361111111111112,15,2025-09-14 00:34:48
31,32,0.7256944444444444,13,2025-09-14 00:34:48
31,33,0.7361111111111112,13,2025-09-14 00:34:48
31,34,0.7881944444444444,16,2025-09-14 00:34:48
31,35,0.6736111111111112,4,2025-09-14 00:34:48
31,36,0.6875,11,2025-09-14 00:34:48
31,37,0.71875,10,2025-09-14 00:34:48
31,38,0.7048611111111112,3,2025-09-14 00:34:48
31,39,0.7013888888888888,2,2025-09-14 00:34:48
32,0,0.7361111111111112,1,2025-09-14 00:34:48
32,1,0.7743055555555556,4,2025-09-14 00:34:48
32,2,0.6979166666666666,1,2025-09-14 00:34:48
32,3,0.6701388888888888,10,2025-09-14 00:34:48
32,4,0.6875,10,2025-09-14 00:34:48
32,5,0.7465277777777778,7,2025-09-14 00:34:48
32,6,0.6944444444444444,1,2025-09-14 00:34:48
32,7,0.7152777777777778,8,2025-09-14 00:34:48
32,8,0.7222222222222222,13,2025-09-14 00:34:48
32,9,0.6770833333333334,5,2025-09-14 00:34:48
32,10,0.7326388888888888,12,2025-09-14 00:34:48
32,11,0.6944444444444444,11,2025-09-14 00:34:48
32,12,0.7118055555555556,6,2025-09-14 00:34:48
32,13,0.7743055555555556,3,2025-09-14 00:34:48
32,14,0.7118055555555556,2,2025-09-14 00:34:48
32,15,0.6944444444444444,1,2025-09-14 00:34:48
32,16,0.7083333333333334,10,2025-09-14 00:34:48
32,17,0.7013888888888888,13,2025-09-14 00:34:48
32,18,0.6354166666666666,4,2025-09-14 00:34:48
32,19,0.71875,3,2025-09-14 00:34:48
32,20,0.6979166666666666,2,2025-09-14 00:34:48
32,21,0.7048611111111112,1,2025-09-14 00:34:48
32,22,0.7118055555555556,7,2025-09-14 00:34:48
32,23,0.6944444444444444,1,2025-09-14 00:34:48
32,24,0.6979166666666666,10,2025-09-14 00:34:48
32,25,0.6215277777777778,6,2025-09-14 00:34:48
32,26,0.6736111111111112,6,2025-09-14 00:34:48
32,27,0.6875,3,2025-09-14 00:34:48
32,28,0.6840277777777778,2,2025-09-14 00:34:48
32,29,0.6840277777777778,18,2025-09-14 00:34:48
32,30,0.6770833333333334,15,2025-09-14 00:34:48
32,31,0.6909722222222222,11,2025-09-14 00:34:48
32,32,0.6736111111111112,5,2025-09-14 00:34:48
32,33,0.6875,7,2025-09-14 00:34:48
32,34,0.7083333333333334,2,2025-09-14 00:34:48
32,35,0.7708333333333334,3,2025-09-14 00:34:48
32,36,0.65625,5,2025-09-14 00:34:48
32,37,0.6736111111111112,1,2025-09-14 00:34:48
32,38,0.6875,15,2025-09-14 00:34:48
32,39,0.6944444444444444,8,2025-09-14 00:34:48
33,0,0.6979166666666666,3,2025-09-14 00:34:48
33,1,0.6284722222222222,6,2025-09-14 00:34:48
33,2,0.6909722222222222,12,2025-09-14 00:34:48
33,3,0.6944444444444444,3,2025-09-14 00:34:48
33,4,0.7013888888888888,2,2025-09-14 00:34:48
33,5,0.7291666666666666,13,2025-09-14 00:34:48
33,6,0.6840277777777778,6,2025-09-14 00:34:48
33,7,0.7048611111111112,6,2025-09-14 00:34:48
33,8,0.7361111111111112,12,2025-09-14 00:34:48
33,9,0.7013888888888888,1,2025-09-14 00:34:48
33,10,0.7013888888888888,3,2025-09-14 00:34:48
33,11,0.7048611111111112,10,2025-09-14 00:34:48
33,12,0.6736111111111112,1,2025-09-14 00:34:48
33,13,0.6909722222222222,1,2025-09-14 00:34:48
33,14,0.6736111111111112,1,2025-09-14 00:34:48
33,15,0.7361111111111112,1,2025-09-14 00:34:48
33,16,0.6875,3,2025-09-14 00:34:48
33,17,0.7013888888888888,1,2025-09-14 00:34:48
33,18,0.6979166666666666,17,2025-09-14 00:34:48
33,19,0.6701388888888888,3,2025-09-14 00:34:48
33,20,0.7465277777777778,8,2025-09-14 00:34:48
33,21,0.7465277777777778,5,2025-09-14 00:34:48
33,22,0.6944444444444444,3,2025-09-14 00:34:48
33,23,0.7152777777777778,1,2025-09-14 00:34:48
33,24,0.7291666666666666,15,2025-09-14 00:34:48
33,25,0.7430555555555556,12,2025-09-14 00:34:48
33,26,0.7013888888888888,1,2025-09-14 00:34:48
33,27,0.7222222222222222,7,2025-09-14 00:34:48
33,28,0.7951388888888888,9,2025-09-14 00:34:48
33,29,0.7013888888888888,6,2025-09-14 00:34:48
33,30,0.7152777777777778,5,2025-09-14 00:34:48
33,31,0.6944444444444444,12,2025-09-14 00:34:48
33,32,0.7013888888888888,8,2025-09-14 00:34:48
33,33,0.6909722222222222,9,2025-09-14 00:34:48
33,34,0.7291666666666666,11,2025-09-14 00:34:48
33,35,0.7222222222222222,10,2025-09-14 00:34:48
33,36,0.6909722222222222,6,2025-09-14 00:34:48
33,37,0.6631944444444444,1,2025-09-14 00:34:48
33,38,0.6979166666666666,4,2025-09-14 00:34:48
33,39,0.7083333333333334,1,2025-09-14 00:34:48
34,0,0.7048611111111112,5,2025-09-14 00:34:48
34,1,0.6840277777777778,1,2025-09-14 00:34:48
34,2,0.6875,12,2025-09-14 00:34:48
34,3,0.7152777777777778,15,2025-09-14 00:34:48
34,4,0.6944444444444444,5,2025-09-14 00:34:48
34,5,0.7395833333333334,10,2025-09-14 00:34:48
34,6,0.75,12,2025-09-14 00:34:48
34,7,0.6805555555555556,9,2025-09-14 00:34:48
34,8,0.7430555555555556,11,2025-09-14 00:34:48
34,9,0.7638888888888888,5,2025-09-14 00:34:48
34,10,0.7430555555555556,14,2025-09-14 00:34:48
34,11,0.7291666666666666,13,2025-09-14 00:34:48
34,12,0.6840277777777778,13,2025-09-14 00:34:48
34,13,0.71875,1,2025-09-14 00:34:48
34,14,0.6631944444444444,1,2025-09-14 00:34:48
34,15,0.71875,5,2025-09-14 00:34:48
34,16,0.7083333333333334,1,2025-09-14 00:34:48
34,17,0.7083333333333334,9,2025-09-14 00:34:48
34,18,0.7118055555555556,16,2025-09-14 00:34:48
34,19,0.7152777777777778,1,2025-09-14 00:34:48
34,20,0.6701388888888888,3,2025-09-14 00:34:48
34,21,0.6875,15,2025-09-14 00:34:48
34,22,0.6875,9,2025-09-14 00:34:48
34,23,0.7395833333333334,11,2025-09-14 00:34:48
34,24,0.7256944444444444,12,2025-09-14 00:34:48
34,25,0.7534722222222222,2,2025-09-14 00:34:48
34,26,0.7083333333333334,8,2025-09-14 00:34:48
34,27,0.7291666666666666,3,2025-09-14 00:34:48
34,28,0.7465277777777778,6,2025-09-14 00:34:48
34,29,0.75,18,2025-09-14 00:34:48
34,30,0.7465277777777778,5,2025-09-14 00:34:48
34,31,0.7326388888888888,4,2025-09-14 00:34:48
34,32,0.7118055555555556,8,2025-09-14 00:34:48
34,33,0.7118055555555556,11,2025-09-14 00:34:48
34,34,0.7256944444444444,1,2025-09-14 00:34:48
34,35,0.6875,3,2025-09-14 00:34:48
34,36,0.6979166666666666,15,2025-09-14 00:34:48
34,37,0.7048611111111112,11,2025-09-14 00:34:48
34,38,0.6666666666666666,8,2025-09-14 00:34:48
34,39,0.6597222222222222,13,2025-09-14 00:34:48
35,0,0.6805555555555556,10,2025-09-14 00:34:48
35,1,0.71875,8,2025-09-14 00:34:48
35,2,0.7291666666666666,4,2025-09-14 00:34:48
35,3,0.6979166666666666,8,2025-09-14 00:34:48
35,4,0.7048611111111112,14,2025-09-14 00:34:48
35,5,0.7430555555555556,3,2025-09-14 00:34:48
35,6,0.71875,2,2025-09-14 00:34:48
35,7,0.6909722222222222,9,2025-09-14 00:34:48
35,8,0.7083333333333334,2,2025-09-14 00:34:48
35,9,0.6666666666666666,7,2025-09-14 00:34:48
35,10,0.6840277777777778,2,2025-09-14 00:34:48
35,11,0.6979166666666666,11,2025-09-14 00:34:48
35,12,0.7395833333333334,12,2025-09-14 00:34:48
35,13,0.6875,11,2025-09-14 00:34:48
35,14,0.75,11,2025-09-14 00:34:48
35,15,0.71875,2,2025-09-14 00:34:48
35,16,0.7152777777777778,2,2025-09-14 00:34:48
35,17,0.6736111111111112,2,2025-09-14 00:34:48
35,18,0.6840277777777778,8,2025-09-14 00:34:48
35,19,0.7013888888888888,11,2025-09-14 00:34:48
35,20,0.7361111111111112,1,2025-09-14 00:34:48
35,21,0.7256944444444444,6,2025-09-14 00:34:48
35,22,0.6944444444444444,5,2025-09-14 00:34:48
35,23,0.7013888888888888,17,2025-09-14 00:34:48
35,24,0.7395833333333334,5,2025-09-14 00:34:48
35,25,0.7048611111111112,5,2025-09-14 00:34:48
35,26,0.6979166666666666,7,2025-09-14 00:34:48
35,27,0.7013888888888888,8,2025-09-14 00:34:48
35,28,0.71875,10,2025-09-14 00:34:48
35,29,0.7361111111111112,7,2025-09-14 00:34:48
35,30,0.7048611111111112,14,2025-09-14 00:34:48
35,31,0.7118055555555556,8,2025-09-14 00:34:48
35,32,0.7048611111111112,9,2025-09-14 00:34:48
35,33,0.6944444444444444,20,2025-09-14 00:34:48
35,34,0.7395833333333334,1,2025-09-14 00:34:48
35,35,0.7222222222222222,10,2025-09-14 00:34:48
35,36,0.7152777777777778,13,2025-09-14 00:34:48
35,37,0.7083333333333334,5,2025-09-14 00:34:48
35,38,0.7083333333333334,2,2025-09-14 00:34:48
35,39,0.7291666666666666,3,2025-09-14 00:34:48
36,0,0.6701388888888888,1,2025-09-14 00:34:48
36,1,0.6875,1,2025-09-14 00:34:48
36,2,0.7222222222222222,2,2025-09-14 00:34:48
36,3,0.6875,14,2025-09-14 00:34:48
36,4,0.71875,7,2025-09-14 00:34:48
36,5,0.6770833333333334,13,2025-09-14 00:34:48
36,6,0.7083333333333334,6,2025-09-14 00:34:48
36,7,0.7534722222222222,7,2025-09-14 00:34:48
36,8,0.71875,14,2025-09-14 00:34:48
36,9,0.6909722222222222,6,2025-09-14 00:34:48
36,10,0.7118055555555556,7,2025-09-14 00:34:48
36,11,0.7013888888888888,4,2025-09-14 00:34:48
36,12,0.6875,2,2025-09-14 00:34:48
36,13,0.7291666666666666,6,2025-09-14 00:34:48
36,14,0.7048611111111112,1,2025-09-14 00:34:48
36,15,0.6840277777777778,3,2025-09-14 00:34:48
36,16,0.7013888888888888,5,2025-09-14 00:34:48
36,17,0.7256944444444444,10,2025-09-14 00:34:48
36,18,0.7048611111111112,10,2025-09-14 00:34:48
36,19,0.6840277777777778,9,2025-09-14 00:34:48
36,20,0.7083333333333334,6,2025-09-14 00:34:48
36,21,0.6770833333333334,5,2025-09-14 00:34:48
36,22,0.6840277777777778,2,2025-09-14 00:34:48
36,23,0.7118055555555556,6,2025-09-14 00:34:48
36,24,0.7048611111111112,4,2025-09-14 00:34:48
36,25,0.71875,2,2025-09-14 00:34:48
36,26,0.6701388888888888,3,2025-09-14 00:34:48
36,27,0.7222222222222222,14,2025-09-14 00:34:48
36,28,0.7013888888888888,10,2025-09-14 00:34:48
36,29,0.6701388888888888,10,2025-09-14 00:34:48
36,30,0.6805555555555556,5,2025-09-14 00:34:48
36,31,0.7395833333333334,7,2025-09-14 00:34:48
36,32,0.6944444444444444,15,2025-09-14 00:34:48
36,33,0.6979166666666666,5,2025-09-14 00:34:48
36,34,0.7013888888888888,1,2025-09-14 00:34:48
36,35,0.7361111111111112,9,2025-09-14 00:34:48
36,36,0.6840277777777778,2,2025-09-14 00:34:48
36,37,0.6597222222222222,1,2025-09-14 00:34:48
36,38,0.65625,9,2025-09-14 00:34:48
36,39,0.7013888888888888,1,2025-09-14 00:34:48
37,0,0.6875,8,2025-09-14 00:34:48
37,1,0.6597222222222222,7,2025-09-14 00:34:48
37,2,0.7256944444444444,3,2025-09-14 00:34:48
37,3,0.6770833333333334,11,2025-09-14 00:34:48
37,4,0.7083333333333334,11,2025-09-14 00:34:48
37,5,0.7222222222222222,15,2025-09-14 00:34:48
37,6,0.7152777777777778,11,2025-09-14 00:34:48
37,7,0.7326388888888888,15,2025-09-14 00:34:48
37,8,0.7395833333333334,2,2025-09-14 00:34:48
37,9,0.7534722222222222,16,2025-09-14 00:34:48
37,10,0.6840277777777778,6,2025-09-14 00:34:48
37,11,0.7708333333333334,6,2025-09-14 00:34:48
37,12,0.6875,7,2025-09-14 00:34:48
37,13,0.7013888888888888,4,2025-09-14 00:34:48
37,14,0.7395833333333334,8,2025-09-14 00:34:48
37,15,0.7361111111111112,2,2025-09-14 00:34:48
37,16,0.71875,1,2025-09-14 00:34:48
37,17,0.7430555555555556,2,2025-09-14 00:34:48
37,18,0.7361111111111112,7,2025-09-14 00:34:48
37,19,0.71875,2,2025-09-14 00:34:48
37,20,0.6875,7,2025-09-14 00:34:48
37,21,0.7152777777777778,12,2025-09-14 00:34:48
37,22,0.6805555555555556,7,2025-09-14 00:34:48
37,23,0.7013888888888888,4,2025-09-14 00:34:48
37,24,0.7326388888888888,3,2025-09-14 00:34:48
37,25,0.7673611111111112,14,2025-09-14 00:34:48
37,26,0.7395833333333334,6,2025-09-14 00:34:48
37,27,0.6944444444444444,6,2025-09-14 00:34:48
37,28,0.6666666666666666,1,2025-09-14 00:34:48
37,29,0.7326388888888888,8,2025-09-14 00:34:48
37,30,0.6979166666666666,7,2025-09-14 00:34:48
37,31,0.7118055555555556,9,2025-09-14 00:34:48
37,32,0.6736111111111112,4,2025-09-14 00:34:48
37,33,0.6840277777777778,9,2025-09-14 00:34:48
37,34,0.7222222222222222,4,2025-09-14 00:34:48
37,35,0.7048611111111112,2,2025-09-14 00:34:48
37,36,0.6770833333333334,3,2025-09-14 00:34:48
37,37,0.6631944444444444,5,2025-09-14 00:34:48
37,38,0.7256944444444444,1,2025-09-14 00:34:48
37,39,0.6423611111111112,6,2025-09-14 00:34:48
38,0,0.7291666666666666,7,2025-09-14 00:34:48
38,1,0.7569444444444444,3,2025-09-14 00:34:48
38,2,0.7256944444444444,10,2025-09-14 00:34:48
38,3,0.71875,5,2025-09-14 00:34:48
38,4,0.7118055555555556,14,2025-09-14 00:34:48
38,5,0.6875,4,2025-09-14 00:34:48
38,6,0.7222222222222222,1,2025-09-14 00:34:48
38,7,0.6666666666666666,6,2025-09-14 00:34:48
38,8,0.7291666666666666,15,2025-09-14 00:34:48
38,9,0.6979166666666666,6,2025-09-14 00:34:48
38,10,0.7118055555555556,1,2025-09-14 00:34:48
38,11,0.7361111111111112,9,2025-09-14 00:34:48
38,12,0.7673611111111112,17,2025-09-14 00:34:48
38,13,0.7048611111111112,13,2025-09-14 00:34:48
38,14,0.7534722222222222,1,2025-09-14 00:34:48
38,15,0.7013888888888888,7,2025-09-14 00:34:48
38,16,0.7222222222222222,13,2025-09-14 00:34:48
38,17,0.6736111111111112,1,2025-09-14 00:34:48
38,18,0.7152777777777778,9,2025-09-14 00:34:48
38,19,0.6701388888888888,1,2025-09-14 00:34:48
38,20,0.7534722222222222,16,2025-09-14 00:34:48
38,21,0.6840277777777778,4,2025-09-14 00:34:48
38,22,0.6666666666666666,4,2025-09-14 00:34:48
38,23,0.7222222222222222,3,2025-09-14 00:34:48
38,24,0.7256944444444444,1,2025-09-14 00:34:48
38,25,0.6979166666666666,13,2025-09-14 00:34:48
38,26,0.6666666666666666,1,2025-09-14 00:34:48
38,27,0.7083333333333334,7,2025-09-14 00:34:48
38,28,0.6354166666666666,11,2025-09-14 00:34:48
38,29,0.6875,10,2025-09-14 00:34:48
38,30,0.6944444444444444,3,2025-09-14 00:34:48
38,31,0.7118055555555556,5,2025-09-14 00:34:48
38,32,0.6944444444444444,2,2025-09-14 00:34:48
38,33,0.7013888888888888,14,2025-09-14 00:34:48
38,34,0.6944444444444444,13,2025-09-14 00:34:48
38,35,0.7152777777777778,6,2025-09-14 00:34:48
38,36,0.6736111111111112,11,2025-09-14 00:34:48
38,37,0.71875,2,2025-09-14 00:34:48
38,38,0.6701388888888888,9,2025-09-14 00:34:48
38,39,0.7326388888888888,1,2025-09-14 00:34:48
39,0,0.6944444444444444,17,2025-09-14 00:34:48
39,1,0.7326388888888888,13,2025-09-14 00:34:48
39,2,0.6944444444444444,5,2025-09-14 00:34:48
39,3,0.7152777777777778,7,2025-09-14 00:34:48
39,4,0.6979166666666666,2,2025-09-14 00:34:48
39,5,0.7361111111111112,12,2025-09-14 00:34:48
39,6,0.7534722222222222,12,2025-09-14 00:34:48
39,7,0.7152777777777778,3,2025-09-14 00:34:48
39,8,0.7361111111111112,2,2025-09-14 00:34:48
39,9,0.7361111111111112,10,2025-09-14 00:34:48
39,10,0.6944444444444444,9,2025-09-14 00:34:48
39,11,0.7152777777777778,11,2025-09-14 00:34:48
39,12,0.6979166666666666,1,2025-09-14 00:34:48
39,13,0.7083333333333334,5,2025-09-14 00:34:48
39,14,0.7326388888888888,3,2025-09-14 00:34:48
39,15,0.7118055555555556,8,2025-09-14 00:34:48
39,16,0.6631944444444444,1,2025-09-14 00:34:48
39,17,0.6909722222222222,9,2025-09-14 00:34:48
39,18,0.6736111111111112,14,2025-09-14 00:34:48
39,19,0.7152777777777778,5,2025-09-14 00:34:48
39,20,0.6875,2,2025-09-14 00:34:48
39,21,0.7291666666666666,4,2025-09-14 00:34:48
39,22,0.7048611111111112,1,2025-09-14 00:34:48
39,23,0.6944444444444444,1,2025-09-14 00:34:48
39,24,0.71875,1,2025-09-14 00:34:48
39,25,0.65625,6,2025-09-14 00:34:48
39,26,0.71875,6,2025-09-14 00:34:48
39,27,0.7291666666666666,8,2025-09-14 00:34:48
39,28,0.7256944444444444,13,2025-09-14 00:34:48
39,29,0.7534722222222222,3,2025-09-14 00:34:48
39,30,0.7326388888888888,10,2025-09-14 00:34:48
39,31,0.7638888888888888,11,2025-09-14 00:34:48
39,32,0.7743055555555556,14,2025-09-14 00:34:48
39,33,0.6944444444444444,3,2025-09-14 00:34:48
39,34,0.6875,4,2025-09-14 00:34:48
39,35,0.7430555555555556,3,2025-09-14 00:34:48
39,36,0.6805555555555556,1,2025-09-14 00:34:48
39,37,0.7256944444444444,5,2025-09-14 00:34:48
39,38,0.7291666666666666,6,2025-09-14 00:34:48
39,39,0.7222222222222222,10,2025-09-14 00:34:48
40,0,0.71875,13,2025-09-14 00:34:48
40,1,0.7083333333333334,13,2025-09-14 00:34:48
40,2,0.7222222222222222,4,2025-09-14 00:34:48
40,3,0.6631944444444444,11,2025-09-14 00:34:48
40,4,0.6875,2,2025-09-14 00:34:48
40,5,0.6666666666666666,2,2025-09-14 00:34:48
40,6,0.75,8,2025-09-14 00:34:48
40,7,0.7465277777777778,1,2025-09-14 00:34:48
40,8,0.7048611111111112,4,2025-09-14 00:34:48
40,9,0.7604166666666666,2,2025-09-14 00:34:48
40,10,0.7291666666666666,2,2025-09-14 00:34:48
40,11,0.7083333333333334,2,2025-09-14 00:34:48
40,12,0.7465277777777778,3,2025-09-14 00:34:48
40,13,0.7326388888888888,3,2025-09-14 00:34:48
40,14,0.7638888888888888,6,2025-09-14 00:34:48
40,15,0.7118055555555556,6,2025-09-14 00:34:48
40,16,0.6666666666666666,7,2025-09-14 00:34:48
40,17,0.7222222222222222,15,2025-09-14 00:34:48
40,18,0.7534722222222222,6,2025-09-14 00:34:48
40,19,0.7152777777777778,1,2025-09-14 00:34:48
40,20,0.6736111111111112,1,2025-09-14 00:34:48
40,21,0.7326388888888888,8,2025-09-14 00:34:48
40,22,0.7083333333333334,1,2025-09-14 00:34:48
40,23,0.6909722222222222,1,2025-09-14 00:34:48
40,24,0.6909722222222222,17,2025-09-14 00:34:48
40,25,0.7847222222222222,11,2025-09-14 00:34:48
40,26,0.7291666666666666,10,2025-09-14 00:34:48
40,27,0.6875,9,2025-09-14 00:34:48
40,28,0.7048611111111112,10,2025-09-14 00:34:48
40,29,0.7118055555555556,3,2025-09-14 00:34:48
40,30,0.6736111111111112,12,2025-09-14 00:34:48
40,31,0.7083333333333334,6,2025-09-14 00:34:48
40,32,0.7430555555555556,6,2025-09-14 00:34:48
40,33,0.7430555555555556,3,2025-09-14 00:34:48
40,34,0.7673611111111112,3,2025-09-14 00:34:48
40,35,0.7326388888888888,6,2025-09-14 00:34:48
40,36,0.75,2,2025-09-14 00:34:48
40,37,0.7326388888888888,12,2025-09-14 00:34:48
40,38,0.7326388888888888,12,2025-09-14 00:34:48
40,39,0.7569444444444444,13,2025-09-14 00:34:48
41,0,0.7083333333333334,3,2025-09-14 00:34:48
41,1,0.7152777777777778,2,2025-09-14 00:34:48
41,2,0.6805555555555556,13,2025-09-14 00:34:48
41,3,0.7291666666666666,7,2025-09-14 00:34:48
41,4,0.75,2,2025-09-14 00:34:48
41,5,0.7256944444444444,16,2025-09-14 00:34:48
41,6,0.7256944444444444,3,2025-09-14 00:34:48
41,7,0.7465277777777778,12,2025-09-14 00:34:48
41,8,0.75,5,2025-09-14 00:34:48
41,9,0.7013888888888888,7,2025-09-14 00:34:48
41,10,0.7326388888888888,5,2025-09-14 00:34:48
41,11,0.7118055555555556,9,2025-09-14 00:34:48
41,12,0.7777777777777778,13,2025-09-14 00:34:48
41,13,0.7048611111111112,3,2025-09-14 00:34:48
41,14,0.7326388888888888,1,2025-09-14 00:34:48
41,15,0.7048611111111112,4,2025-09-14 00:34:48
41,16,0.7256944444444444,1,2025-09-14 00:34:48
41,17,0.6805555555555556,6,2025-09-14 00:34:48
41,18,0.7118055555555556,14,2025-09-14 00:34:48
41,19,0.7048611111111112,14,2025-09-14 00:34:48
41,20,0.7291666666666666,5,2025-09-14 00:34:48
41,21,0.7534722222222222,12,2025-09-14 00:34:48
41,22,0.7361111111111112,6,2025-09-14 00:34:48
41,23,0.7013888888888888,4,2025-09-14 00:34:48
41,24,0.7152777777777778,9,2025-09-14 00:34:48
41,25,0.6875,7,2025-09-14 00:34:48
41,26,0.75,5,2025-09-14 00:34:48
41,27,0.65625,7,2025-09-14 00:34:48
41,28,0.7152777777777778,1,2025-09-14 00:34:48
41,29,0.7291666666666666,6,2025-09-14 00:34:48
41,30,0.6805555555555556,12,2025-09-14 00:34:48
41,31,0.7048611111111112,15,2025-09-14 00:34:48
41,32,0.7326388888888888,9,2025-09-14 00:34:48
41,33,0.7291666666666666,15,2025-09-14 00:34:48
41,34,0.7291666666666666,6,2025-09-14 00:34:48
41,35,0.6805555555555556,3,2025-09-14 00:34:48
41,36,0.7222222222222222,6,2025-09-14 00:34:48
41,37,0.71875,11,2025-09-14 00:34:48
41,38,0.7152777777777778,10,2025-09-14 00:34:48
41,39,0.7118055555555556,14,2025-09-14 00:34:48
42,0,0.6875,11,2025-09-14 00:34:48
42,1,0.7430555555555556,8,2025-09-14 00:34:48
42,2,0.7013888888888888,4,2025-09-14 00:34:48
42,3,0.6944444444444444,1,2025-09-14 00:34:48
42,4,0.7083333333333334,2,2025-09-14 00:34:48
42,5,0.7048611111111112,5,2025-09-14 00:34:48
42,6,0.75,7,2025-09-14 00:34:48
42,7,0.6875,2,2025-09-14 00:34:48
42,8,0.7361111111111112,9,2025-09-14 00:34:48
42,9,0.6597222222222222,11,2025-09-14 00:34:48
42,10,0.7361111111111112,5,2025-09-14 00:34:48
42,11,0.7222222222222222,8,2025-09-14 00:34:48
42,12,0.6944444444444444,13,2025-09-14 00:34:48
42,13,0.7326388888888888,16,2025-09-14 00:34:48
42,14,0.7118055555555556,2,2025-09-14 00:34:48
42,15,0.7048611111111112,8,2025-09-14 00:34:48
42,16,0.7291666666666666,10,2025-09-14 00:34:48
42,17,0.7222222222222222,1,2025-09-14 00:34:48
42,18,0.7291666666666666,3,2025-09-14 00:34:48
42,19,0.75,11,2025-09-14 00:34:48
42,20,0.7083333333333334,1,2025-09-14 00:34:48
42,21,0.7013888888888888,1,2025-09-14 00:34:48
42,22,0.6666666666666666,6,2025-09-14 00:34:48
42,23,0.7638888888888888,8,2025-09-14 00:34:48
42,24,0.7048611111111112,3,2025-09-14 00:34:48
42,25,0.75,6,2025-09-14 00:34:48
42,26,0.6909722222222222,17,2025-09-14 00:34:48
42,27,0.7222222222222222,9,2025-09-14 00:34:48
42,28,0.7291666666666666,17,2025-09-14 00:34:48
42,29,0.7291666666666666,10,2025-09-14 00:34:48
42,30,0.7256944444444444,5,2025-09-14 00:34:48
42,31,0.6805555555555556,1,2025-09-14 00:34:48
42,32,0.6875,2,2025-09-14 00:34:48
42,33,0.7256944444444444,5,2025-09-14 00:34:48
42,34,0.7222222222222222,7,2025-09-14 00:34:48
42,35,0.7291666666666666,2,2025-09-14 00:34:48
42,36,0.7395833333333334,8,2025-09-14 00:34:48
42,37,0.7291666666666666,10,2025-09-14 00:34:48
42,38,0.7048611111111112,15,2025-09-14 00:34:48
42,39,0.6770833333333334,1,2025-09-14 00:34:48
43,0,0.7013888888888888,10,2025-09-14 00:34:48
43,1,0.7326388888888888,7,2025-09-14 00:34:48
43,2,0.6736111111111112,14,2025-09-14 00:34:48
43,3,0.71875,7,2025-09-14 00:34:48
43,4,0.6909722222222222,1,2025-09-14 00:34:48
43,5,0.7013888888888888,2,2025-09-14 00:34:48
43,6,0.6875,5,2025-09-14 00:34:48
43,7,0.6805555555555556,2,2025-09-14 00:34:48
43,8,0.7291666666666666,5,2025-09-14 00:34:48
43,9,0.7152777777777778,4,2025-09-14 00:34:48
43,10,0.6909722222222222,7,2025-09-14 00:34:48
43,11,0.6840277777777778,4,2025-09-14 00:34:48
43,12,0.6840277777777778,1,2025-09-14 00:34:48
43,13,0.7465277777777778,1,2025-09-14 00:34:48
43,14,0.7291666666666666,4,2025-09-14 00:34:48
43,15,0.6770833333333334,1,2025-09-14 00:34:48
43,16,0.6909722222222222,3,2025-09-14 00:34:48
43,17,0.7152777777777778,4,2025-09-14 00:34:48
43,18,0.6597222222222222,1,2025-09-14 00:34:48
43,19,0.7534722222222222,15,2025-09-14 00:34:48
43,20,0.7048611111111112,9,2025-09-14 00:34:48
43,21,0.7673611111111112,4,2025-09-14 00:34:48
43,22,0.7013888888888888,7,2025-09-14 00:34:48
43,23,0.7152777777777778,10,2025-09-14 00:34:48
43,24,0.7569444444444444,10,2025-09-14 00:34:48
43,25,0.7465277777777778,7,2025-09-14 00:34:48
43,26,0.7222222222222222,9,2025-09-14 00:34:48
43,27,0.7013888888888888,3,2025-09-14 00:34:48
43,28,0.6805555555555556,7,2025-09-14 00:34:48
43,29,0.6909722222222222,9,2025-09-14 00:34:48
43,30,0.7083333333333334,2,2025-09-14 00:34:48
43,31,0.7430555555555556,1,2025-09-14 00:34:48
43,32,0.7326388888888888,3,2025-09-14 00:34:48
43,33,0.7222222222222222,2,2025-09-14 00:34:48
43,34,0.6840277777777778,3,2025-09-14 00:34:48
43,35,0.7361111111111112,3,2025-09-14 00:34:48
43,36,0.6979166666666666,6,2025-09-14 00:34:48
43,37,0.7291666666666666,9,2025-09-14 00:34:48
43,38,0.6979166666666666,9,2025-09-14 00:34:48
43,39,0.7013888888888888,1,2025-09-14 00:34:48
44,0,0.7256944444444444,3,2025-09-14 00:34:48
44,1,0.6805555555555556,5,2025-09-14 00:34:48
44,2,0.7256944444444444,8,2025-09-14 00:34:48
44,3,0.7326388888888888,3,2025-09-14 00:34:48
44,4,0.6631944444444444,1,2025-09-14 00:34:48
44,5,0.7256944444444444,2,2025-09-14 00:34:48
44,6,0.6909722222222222,17,2025-09-14 00:34:48
44,7,0.6701388888888888,2,2025-09-14 00:34:48
44,8,0.7326388888888888,10,2025-09-14 00:34:48
44,9,0.7256944444444444,4,2025-09-14 00:34:48
44,10,0.7083333333333334,3,2025-09-14 00:34:48
44,11,0.6909722222222222,14,2025-09-14 00:34:48
44,12,0.6875,3,2025-09-14 00:34:48
44,13,0.7152777777777778,1,2025-09-14 00:34:48
44,14,0.7152777777777778,8,2025-09-14 00:34:48
44,15,0.7430555555555556,12,2025-09-14 00:34:48
44,16,0.7118055555555556,7,2025-09-14 00:34:48
44,17,0.6909722222222222,2,2025-09-14 00:34:48
44,18,0.6979166666666666,2,2025-09-14 00:34:48
44,19,0.7777777777777778,6,2025-09-14 00:34:48
44,20,0.78125,10,2025-09-14 00:34:48
44,21,0.7048611111111112,19,2025-09-14 00:34:48
44,22,0.7465277777777778,15,2025-09-14 00:34:48
44,23,0.6805555555555556,4,2025-09-14 00:34:48
44,24,0.6909722222222222,8,2025-09-14 00:34:48
44,25,0.7118055555555556,1,2025-09-14 00:34:48
44,26,0.7291666666666666,4,2025-09-14 00:34:48
44,27,0.7083333333333334,10,2025-09-14 00:34:48
44,28,0.6805555555555556,2,2025-09-14 00:34:48
44,29,0.6840277777777778,7,2025-09-14 00:34:48
44,30,0.6875,9,2025-09-14 00:34:48
44,31,0.7256944444444444,9,2025-09-14 00:34:48
44,32,0.6979166666666666,15,2025-09-14 00:34:48
44,33,0.7256944444444444,7,2025-09-14 00:34:48
44,34,0.7013888888888888,15,2025-09-14 00:34:48
44,35,0.6736111111111112,1,2025-09-14 00:34:48
44,36,0.7326388888888888,11,2025-09-14 00:34:48
44,37,0.7118055555555556,9,2025-09-14 00:34:48
44,38,0.7048611111111112,4,2025-09-14 00:34:48
44,39,0.6805555555555556,1,2025-09-14 00:34:48
45,0,0.7118055555555556,2,2025-09-14 00:34:48
45,1,0.6666666666666666,9,2025-09-14 00:34:48
45,2,0.6944444444444444,3,2025-09-14 00:34:48
45,3,0.6527777777777778,12,2025-09-14 00:34:48
45,4,0.7048611111111112,8,2025-09-14 00:34:48
45,5,0.7048611111111112,4,2025-09-14 00:34:48
45,6,0.6770833333333334,3,2025-09-14 00:34:48
45,7,0.7256944444444444,2,2025-09-14 00:34:48
45,8,0.6805555555555556,1,2025-09-14 00:34:48
45,9,0.6909722222222222,12,2025-09-14 00:34:48
45,10,0.7395833333333334,2,2025-09-14 00:34:48
45,11,0.7256944444444444,5,2025-09-14 00:34:48
45,12,0.7083333333333334,2,2025-09-14 00:34:48
45,13,0.6736111111111112,16,2025-09-14 00:34:48
45,14,0.7152777777777778,9,2025-09-14 00:34:48
45,15,0.6875,3,2025-09-14 00:34:48
45,16,0.7048611111111112,3,2025-09-14 00:34:48
45,17,0.71875,9,2025-09-14 00:34:48
45,18,0.7604166666666666,7,2025-09-14 00:34:48
45,19,0.7395833333333334,1,2025-09-14 00:34:48
45,20,0.7222222222222222,2,2025-09-14 00:34:48
45,21,0.7118055555555556,1,2025-09-14 00:34:48
45,22,0.7256944444444444,5,2025-09-14 00:34:48
45,23,0.71875,7,2025-09-14 00:34:48
45,24,0.7083333333333334,6,2025-09-14 00:34:48
45,25,0.75,17,2025-09-14 00:34:48
45,26,0.7118055555555556,15,2025-09-14 00:34:48
45,27,0.7361111111111112,4,2025-09-14 00:34:48
45,28,0.7152777777777778,10,2025-09-14 00:34:48
45,29,0.7395833333333334,9,2025-09-14 00:34:48
45,30,0.6805555555555556,1,2025-09-14 00:34:48
45,31,0.6527777777777778,10,2025-09-14 00:34:48
45,32,0.7083333333333334,17,2025-09-14 00:34:48
45,33,0.7152777777777778,5,2025-09-14 00:34:48
45,34,0.7534722222222222,10,2025-09-14 00:34:48
45,35,0.7361111111111112,4,2025-09-14 00:34:48
45,36,0.6736111111111112,8,2025-09-14 00:34:48
45,37,0.71875,8,2025-09-14 00:34:48
45,38,0.6979166666666666,1,2025-09-14 00:34:48
45,39,0.6666666666666666,5,2025-09-14 00:34:48
46,0,0.7152777777777778,3,2025-09-14 00:34:48
46,1,0.6909722222222222,1,2025-09-14 00:34:48
46,2,0.7291666666666666,2,2025-09-14 00:34:48
46,3,0.7430555555555556,2,2025-09-14 00:34:48
46,4,0.71875,8,2025-09-14 00:34:48
46,5,0.6944444444444444,1,2025-09-14 00:34:48
46,6,0.7256944444444444,1,2025-09-14 00:34:48
46,7,0.71875,4,2025-09-14 00:34:48
46,8,0.7534722222222222,6,2025-09-14 00:34:48
46,9,0.7326388888888888,2,2025-09-14 00:34:48
46,10,0.7118055555555556,15,2025-09-14 00:34:48
46,11,0.6840277777777778,4,2025-09-14 00:34:48
46,12,0.7118055555555556,3,2025-09-14 00:34:48
46,13,0.6597222222222222,2,2025-09-14 00:34:48
46,14,0.7291666666666666,7,2025-09-14 00:34:48
46,15,0.7083333333333334,1,2025-09-14 00:34:48
46,16,0.6979166666666666,7,2025-09-14 00:34:48
46,17,0.7604166666666666,8,2025-09-14 00:34:48
46,18,0.7048611111111112,1,2025-09-14 00:34:48
46,19,0.7291666666666666,3,2025-09-14 00:34:48
46,20,0.6770833333333334,10,2025-09-14 00:34:48
46,21,0.6875,7,2025-09-14 00:34:48
46,22,0.7395833333333334,5,2025-09-14 00:34:48
46,23,0.6979166666666666,8,2025-09-14 00:34:48
46,24,0.6701388888888888,5,2025-09-14 00:34:48
46,25,0.7430555555555556,9,2025-09-14 00:34:48
46,26,0.7013888888888888,5,2025-09-14 00:34:48
46,27,0.6979166666666666,4,2025-09-14 00:34:48
46,28,0.71875,9,2025-09-14 00:34:48
46,29,0.7013888888888888,11,2025-09-14 00:34:48
46,30,0.6805555555555556,1,2025-09-14 00:34:48
46,31,0.6944444444444444,1,2025-09-14 00:34:48
46,32,0.6840277777777778,10,2025-09-14 00:34:48
46,33,0.6354166666666666,2,2025-09-14 00:34:48
46,34,0.6944444444444444,2,2025-09-14 00:34:48
46,35,0.7604166666666666,11,2025-09-14 00:34:48
46,36,0.7291666666666666,8,2025-09-14 00:34:48
46,37,0.6388888888888888,2,2025-09-14 00:34:48
46,38,0.7118055555555556,6,2025-09-14 00:34:48
46,39,0.7013888888888888,10,2025-09-14 00:34:48
47,0,0.6875,4,2025-09-14 00:34:48
47,1,0.6875,6,2025-09-14 00:34:48
47,2,0.75,6,2025-09-14 00:34:48
47,3,0.7395833333333334,9,2025-09-14 00:34:48
47,4,0.7013888888888888,12,2025-09-14 00:34:48
47,5,0.6979166666666666,2,2025-09-14 00:34:48
47,6,0.7222222222222222,7,2025-09-14 00:34:48
47,7,0.7291666666666666,11,2025-09-14 00:34:48
47,8,0.7048611111111112,4,2025-09-14 00:34:48
47,9,0.7048611111111112,1,2025-09-14 00:34:48
47,10,0.6701388888888888,7,2025-09-14 00:34:48
47,11,0.6631944444444444,2,2025-09-14 00:34:48
47,12,0.6840277777777778,17,2025-09-14 00:34:48
47,13,0.6875,1,2025-09-14 00:34:48
47,14,0.7361111111111112,9,2025-09-14 00:34:48
47,15,0.7326388888888888,5,2025-09-14 00:34:48
47,16,0.6770833333333334,13,2025-09-14 00:34:48
47,17,0.7326388888888888,2,2025-09-14 00:34:48
47,18,0.6979166666666666,1,2025-09-14 00:34:48
47,19,0.7534722222222222,4,2025-09-14 00:34:48
47,20,0.7291666666666666,16,2025-09-14 00:34:48
47,21,0.7291666666666666,1,2025-09-14 00:34:48
47,22,0.6909722222222222,1,2025-09-14 00:34:48
47,23,0.7256944444444444,2,2025-09-14 00:34:48
47,24,0.7222222222222222,11,2025-09-14 00:34:48
47,25,0.6631944444444444,2,2025-09-14 00:34:48
47,26,0.7013888888888888,6,2025-09-14 00:34:48
47,27,0.6944444444444444,3,2025-09-14 00:34:48
47,28,0.7013888888888888,10,2025-09-14 00:34:48
47,29,0.7048611111111112,5,2025-09-14 00:34:48
47,30,0.7256944444444444,10,2025-09-14 00:34:48
47,31,0.7395833333333334,7,2025-09-14 00:34:48
47,32,0.7361111111111112,5,2025-09-14 00:34:48
47,33,0.7256944444444444,10,2025-09-14 00:34:48
47,34,0.7361111111111112,6,2025-09-14 00:34:48
47,35,0.7152777777777778,4,2025-09-14 00:34:48
47,36,0.6909722222222222,3,2025-09-14 00:34:48
47,37,0.6666666666666666,7,2025-09-14 00:34:48
47,38,0.6979166666666666,1,2025-09-14 00:34:48
47,39,0.6979166666666666,2,2025-09-14 00:34:48
48,0,0.7361111111111112,7,2025-09-14 00:34:48
48,1,0.7291666666666666,7,2025-09-14 00:34:48
48,2,0.7534722222222222,2,2025-09-14 00:34:48
48,3,0.7083333333333334,16,2025-09-14 00:34:48
48,4,0.6805555555555556,2,2025-09-14 00:34:48
48,5,0.7152777777777778,3,2025-09-14 00:34:48
48,6,0.6875,6,2025-09-14 00:34:48
48,7,0.6979166666666666,12,2025-09-14 00:34:48
48,8,0.7465277777777778,5,2025-09-14 00:34:48
48,9,0.6979166666666666,15,2025-09-14 00:34:48
48,10,0.6979166666666666,16,2025-09-14 00:34:48
48,11,0.7118055555555556,6,2025-09-14 00:34:48
48,12,0.7256944444444444,13,2025-09-14 00:34:48
48,13,0.7430555555555556,10,2025-09-14 00:34:48
48,14,0.7291666666666666,10,2025-09-14 00:34:48
48,15,0.6736111111111112,5,2025-09-14 00:34:48
48,16,0.78125,16,2025-09-14 00:34:48
48,17,0.6944444444444444,3,2025-09-14 00:34:48
48,18,0.6909722222222222,6,2025-09-14 00:34:48
48,19,0.7013888888888888,9,2025-09-14 00:34:48
48,20,0.7048611111111112,2,2025-09-14 00:34:48
48,21,0.6701388888888888,1,2025-09-14 00:34:48
48,22,0.71875,17,2025-09-14 00:34:48
48,23,0.6770833333333334,4,2025-09-14 00:34:48
48,24,0.7326388888888888,14,2025-09-14 00:34:48
48,25,0.7291666666666666,2,2025-09-14 00:34:48
48,26,0.6770833333333334,1,2025-09-14 00:34:48
48,27,0.7395833333333334,1,2025-09-14 00:34:48
48,28,0.6840277777777778,8,2025-09-14 00:34:48
48,29,0.7152777777777778,5,2025-09-14 00:34:48
48,30,0.7152777777777778,1,2025-09-14 00:34:48
48,31,0.6979166666666666,8,2025-09-14 00:34:48
48,32,0.7430555555555556,2,2025-09-14 00:34:48
48,33,0.6736111111111112,10,2025-09-14 00:34:48
48,34,0.6979166666666666,7,2025-09-14 00:34:48
48,35,0.7222222222222222,12,2025-09-14 00:34:48
48,36,0.6944444444444444,4,2025-09-14 00:34:48
48,37,0.7256944444444444,7,2025-09-14 00:34:48
48,38,0.75,6,2025-09-14 00:34:48
48,39,0.75,5,2025-09-14 00:34:48
49,0,0.7118055555555556,2,2025-09-14 00:34:48
49,1,0.7291666666666666,12,2025-09-14 00:34:48
49,2,0.7083333333333334,6,2025-09-14 00:34:48
49,3,0.7291666666666666,2,2025-09-14 00:34:48
49,4,0.6909722222222222,14,2025-09-14 00:34:48
49,5,0.6736111111111112,11,2025-09-14 00:34:48
49,6,0.7013888888888888,3,2025-09-14 00:34:48
49,7,0.7152777777777778,1,2025-09-14 00:34:48
49,8,0.6875,1,2025-09-14 00:34:48
49,9,0.7013888888888888,1,2025-09-14 00:34:48
49,10,0.7430555555555556,12,2025-09-14 00:34:48
49,11,0.7361111111111112,3,2025-09-14 00:34:48
49,12,0.71875,9,2025-09-14 00:34:48
49,13,0.7083333333333334,13,2025-09-14 00:34:48
49,14,0.6770833333333334,5,2025-09-14 00:34:48
49,15,0.75,15,2025-09-14 00:34:48
49,16,0.71875,7,2025-09-14 00:34:48
49,17,0.7222222222222222,4,2025-09-14 00:34:48
49,18,0.7118055555555556,13,2025-09-14 00:34:48
49,19,0.7395833333333334,9,2025-09-14 00:34:48
49,20,0.65625,2,2025-09-14 00:34:48
49,21,0.7361111111111112,5,2025-09-14 00:34:48
49,22,0.6666666666666666,1,2025-09-14 00:34:48
49,23,0.7465277777777778,5,2025-09-14 00:34:48
49,24,0.6805555555555556,1,2025-09-14 00:34:48
49,25,0.6909722222222222,2,2025-09-14 00:34:48
49,26,0.7083333333333334,13,2025-09-14 00:34:48
49,27,0.6805555555555556,5,2025-09-14 00:34:48
49,28,0.7256944444444444,1,2025-09-14 00:34:48
49,29,0.7152777777777778,6,2025-09-14 00:34:48
49,30,0.7048611111111112,2,2025-09-14 00:34:48
49,31,0.6944444444444444,7,2025-09-14 00:34:48
49,32,0.7083333333333334,3,2025-09-14 00:34:48
49,33,0.7291666666666666,8,2025-09-14 00:34:48
49,34,0.7256944444444444,10,2025-09-14 00:34:48
49,35,0.7118055555555556,4,2025-09-14 00:34:48
49,36,0.7013888888888888,12,2025-09-14 00:34:48
49,37,0.6840277777777778,11,2025-09-14 00:34:48
49,38,0.7256944444444444,9,2025-09-14 00:34:48
49,39,0.7013888888888888,4,2025-09-14 00:34:48
50,0,0.6944444444444444,13,2025-09-14 00:34:48
50,1,0.7013888888888888,9,2025-09-14 00:34:48
50,2,0.7152777777777778,10,2025-09-14 00:34:48
50,3,0.7326388888888888,7,2025-09-14 00:34:48
50,4,0.7326388888888888,1,2025-09-14 00:34:48
50,5,0.7048611111111112,3,2025-09-14 00:34:48
50,6,0.7013888888888888,5,2025-09-14 00:34:48
50,7,0.6458333333333334,3,2025-09-14 00:34:48
50,8,0.71875,4,2025-09-14 00:34:48
50,9,0.7222222222222222,3,2025-09-14 00:34:48
50,10,0.7222222222222222,4,2025-09-14 00:34:48
50,11,0.7465277777777778,4,2025-09-14 00:34:48
50,12,0.7222222222222222,4,2025-09-14 00:34:48
50,13,0.7222222222222222,2,2025-09-14 00:34:48
50,14,0.7222222222222222,12,2025-09-14 00:34:48
50,15,0.7326388888888888,9,2025-09-14 00:34:48
50,16,0.7395833333333334,6,2025-09-14 00:34:48
50,17,0.7048611111111112,8,2025-09-14 00:34:48
50,18,0.7395833333333334,2,2025-09-14 00:34:48
50,19,0.7361111111111112,12,2025-09-14 00:34:48
50,20,0.7013888888888888,8,2025-09-14 00:34:48
50,21,0.7395833333333334,13,2025-09-14 00:34:48
50,22,0.7048611111111112,6,2025-09-14 00:34:48
50,23,0.6631944444444444,2,2025-09-14 00:34:48
50,24,0.7152777777777778,8,2025-09-14 00:34:48
50,25,0.7430555555555556,2,2025-09-14 00:34:48
50,26,0.7326388888888888,16,2025-09-14 00:34:48
50,27,0.7222222222222222,4,2025-09-14 00:34:48
50,28,0.6875,3,2025-09-14 00:34:48
50,29,0.7361111111111112,13,2025-09-14 00:34:48
50,30,0.7048611111111112,2,2025-09-14 00:34:48
50,31,0.7152777777777778,1,2025-09-14 00:34:48
50,32,0.7326388888888888,8,2025-09-14 00:34:48
50,33,0.6944444444444444,2,2025-09-14 00:34:48
50,34,0.6805555555555556,1,2025-09-14 00:34:48
50,35,0.7430555555555556,16,2025-09-14 00:34:48
50,36,0.7708333333333334,14,2025-09-14 00:34:48
50,37,0.7083333333333334,3,2025-09-14 00:34:48
50,38,0.7222222222222222,8,2025-09-14 00:34:48
50,39,0.71875,2,2025-09-14 00:34:48
51,0,0.6875,11,2025-09-14 00:34:48
51,1,0.7118055555555556,3,2025-09-14 00:34:48
51,2,0.7013888888888888,1,2025-09-14 00:34:48
51,3,0.7013888888888888,9,2025-09-14 00:34:48
51,4,0.6944444444444444,12,2025-09-14 00:34:48
51,5,0.7048611111111112,16,2025-09-14 00:34:48
51,6,0.6527777777777778,8,2025-09-14 00:34:48
51,7,0.7222222222222222,7,2025-09-14 00:34:48
51,8,0.7048611111111112,3,2025-09-14 00:34:48
51,9,0.7395833333333334,4,2025-09-14 00:34:48
51,10,0.6736111111111112,6,2025-09-14 00:34:48
51,11,0.7152777777777778,3,2025-09-14 00:34:48
51,12,0.6944444444444444,2,2025-09-14 00:34:48
51,13,0.7083333333333334,4,2025-09-14 00:34:48
51,14,0.6944444444444444,1,2025-09-14 00:34:48
51,15,0.6770833333333334,13,2025-09-14 00:34:48
51,16,0.7291666666666666,8,2025-09-14 00:34:48
51,17,0.7291666666666666,10,2025-09-14 00:34:48
51,18,0.6909722222222222,13,2025-09-14 00:34:48
51,19,0.7430555555555556,16,2025-09-14 00:34:48
51,20,0.6840277777777778,8,2025-09-14 00:34:48
51,21,0.7256944444444444,4,2025-09-14 00:34:48
51,22,0.7083333333333334,2,2025-09-14 00:34:48
51,23,0.6493055555555556,12,2025-09-14 00:34:48
51,24,0.7118055555555556,4,2025-09-14 00:34:48
51,25,0.7013888888888888,11,2025-09-14 00:34:48
51,26,0.7326388888888888,9,2025-09-14 00:34:48
51,27,0.7118055555555556,5,2025-09-14 00:34:48
51,28,0.7118055555555556,2,2025-09-14 00:34:48
51,29,0.7256944444444444,1,2025-09-14 00:34:48
51,30,0.65625,7,2025-09-14 00:34:48
51,31,0.7083333333333334,7,2025-09-14 00:34:48
51,32,0.7569444444444444,2,2025-09-14 00:34:48
51,33,0.7048611111111112,3,2025-09-14 00:34:48
51,34,0.7083333333333334,6,2025-09-14 00:34:48
51,35,0.6597222222222222,3,2025-09-14 00:34:48
51,36,0.7569444444444444,2,2025-09-14 00:34:48
51,37,0.7152777777777778,6,2025-09-14 00:34:48
51,38,0.7083333333333334,6,2025-09-14 00:34:48
51,39,0.7361111111111112,11,2025-09-14 00:34:48
52,0,0.7291666666666666,1,2025-09-14 00:34:48
52,1,0.7222222222222222,7,2025-09-14 00:34:48
52,2,0.6736111111111112,14,2025-09-14 00:34:48
52,3,0.6875,1,2025-09-14 00:34:48
52,4,0.6770833333333334,4,2025-09-14 00:34:48
52,5,0.7604166666666666,16,2025-09-14 00:34:48
52,6,0.7361111111111112,8,2025-09-14 00:34:48
52,7,0.7604166666666666,18,2025-09-14 00:34:48
52,8,0.7256944444444444,3,2025-09-14 00:34:48
52,9,0.7395833333333334,14,2025-09-14 00:34:48
52,10,0.7048611111111112,1,2025-09-14 00:34:48
52,11,0.7222222222222222,2,2025-09-14 00:34:48
52,12,0.6909722222222222,2,2025-09-14 00:34:48
52,13,0.6875,18,2025-09-14 00:34:48
52,14,0.6979166666666666,1,2025-09-14 00:34:48
52,15,0.7291666666666666,13,2025-09-14 00:34:48
52,16,0.6909722222222222,11,2025-09-14 00:34:48
52,17,0.6944444444444444,3,2025-09-14 00:34:48
52,18,0.7013888888888888,7,2025-09-14 00:34:48
52,19,0.7048611111111112,16,2025-09-14 00:34:48
52,20,0.6840277777777778,6,2025-09-14 00:34:48
52,21,0.7256944444444444,9,2025-09-14 00:34:48
52,22,0.6909722222222222,13,2025-09-14 00:34:48
52,23,0.7638888888888888,3,2025-09-14 00:34:48
52,24,0.7708333333333334,18,2025-09-14 00:34:48
52,25,0.7291666666666666,13,2025-09-14 00:34:48
52,26,0.7048611111111112,15,2025-09-14 00:34:48
52,27,0.7361111111111112,19,2025-09-14 00:34:48
52,28,0.6979166666666666,9,2025-09-14 00:34:48
52,29,0.7152777777777778,7,2025-09-14 00:34:48
52,30,0.7152777777777778,1,2025-09-14 00:34:48
52,31,0.6631944444444444,1,2025-09-14 00:34:48
52,32,0.7291666666666666,5,2025-09-14 00:34:48
52,33,0.7083333333333334,15,2025-09-14 00:34:48
52,34,0.7083333333333334,1,2025-09-14 00:34:48
52,35,0.6805555555555556,9,2025-09-14 00:34:48
52,36,0.6840277777777778,3,2025-09-14 00:34:48
52,37,0.7395833333333334,8,2025-09-14 00:34:48
52,38,0.7013888888888888,1,2025-09-14 00:34:48
52,39,0.7222222222222222,2,2025-09-14 00:34:48
53,0,0.7256944444444444,4,2025-09-14 00:34:48
53,1,0.7395833333333334,13,2025-09-14 00:34:48
53,2,0.7118055555555556,5,2025-09-14 00:34:48
53,3,0.6770833333333334,3,2025-09-14 00:34:48
53,4,0.6875,2,2025-09-14 00:34:48
53,5,0.6875,1,2025-09-14 00:34:48
53,6,0.7256944444444444,15,2025-09-14 00:34:48
53,7,0.6909722222222222,6,2025-09-14 00:34:48
53,8,0.6770833333333334,13,2025-09-14 00:34:48
53,9,0.6979166666666666,5,2025-09-14 00:34:48
53,10,0.7118055555555556,15,2025-09-14 00:34:48
53,11,0.7048611111111112,4,2025-09-14 00:34:48
53,12,0.75,8,2025-09-14 00:34:48
53,13,0.6701388888888888,5,2025-09-14 00:34:48
53,14,0.6944444444444444,6,2025-09-14 00:34:48
53,15,0.6875,2,2025-09-14 00:34:48
53,16,0.6701388888888888,5,2025-09-14 00:34:48
53,17,0.6631944444444444,6,2025-09-14 00:34:48
53,18,0.7048611111111112,3,2025-09-14 00:34:48
53,19,0.7118055555555556,3,2025-09-14 00:34:48
53,20,0.7048611111111112,8,2025-09-14 00:34:48
53,21,0.7291666666666666,12,2025-09-14 00:34:48
53,22,0.7395833333333334,11,2025-09-14 00:34:48
53,23,0.7395833333333334,11,2025-09-14 00:34:48
53,24,0.6909722222222222,10,2025-09-14 00:34:48
53,25,0.71875,1,2025-09-14 00:34:48
53,26,0.7048611111111112,6,2025-09-14 00:34:48
53,27,0.6631944444444444,2,2025-09-14 00:34:48
53,28,0.7326388888888888,14,2025-09-14 00:34:48
53,29,0.7395833333333334,2,2025-09-14 00:34:48
53,30,0.6944444444444444,2,2025-09-14 00:34:48
53,31,0.7013888888888888,2,2025-09-14 00:34:48
53,32,0.7395833333333334,17,2025-09-14 00:34:48
53,33,0.6909722222222222,4,2025-09-14 00:34:48
53,34,0.7118055555555556,14,2025-09-14 00:34:48
53,35,0.7048611111111112,7,2025-09-14 00:34:48
53,36,0.6840277777777778,11,2025-09-14 00:34:48
53,37,0.7222222222222222,4,2025-09-14 00:34:48
53,38,0.6770833333333334,19,2025-09-14 00:34:48
53,39,0.6944444444444444,1,2025-09-14 00:34:48
54,0,0.7534722222222222,7,2025-09-14 00:34:48
54,1,0.7361111111111112,7,2025-09-14 00:34:48
54,2,0.7430555555555556,7,2025-09-14 00:34:48
54,3,0.7361111111111112,9,2025-09-14 00:34:48
54,4,0.7465277777777778,6,2025-09-14 00:34:48
54,5,0.7152777777777778,7,2025-09-14 00:34:48
54,6,0.7326388888888888,9,2025-09-14 00:34:48
54,7,0.7256944444444444,9,2025-09-14 00:34:48
54,8,0.71875,10,2025-09-14 00:34:48
54,9,0.7291666666666666,9,2025-09-14 00:34:48
54,10,0.7569444444444444,13,2025-09-14 00:34:48
54,11,0.7256944444444444,10,2025-09-14 00:34:48
54,12,0.7118055555555556,8,2025-09-14 00:34:48
54,13,0.7118055555555556,8,2025-09-14 00:34:48
54,14,0.6805555555555556,10,2025-09-14 00:34:48
54,15,0.7083333333333334,4,2025-09-14 00:34:48
54,16,0.6909722222222222,12,2025-09-14 00:34:48
54,17,0.6909722222222222,2,2025-09-14 00:34:48
54,18,0.7395833333333334,11,2025-09-14 00:34:48
54,19,0.6875,10,2025-09-14 00:34:48
54,20,0.7013888888888888,13,2025-09-14 00:34:48
54,21,0.7361111111111112,5,2025-09-14 00:34:48
54,22,0.7430555555555556,3,2025-09-14 00:34:48
54,23,0.7326388888888888,13,2025-09-14 00:34:48
54,24,0.6666666666666666,1,2025-09-14 00:34:48
54,25,0.7569444444444444,11,2025-09-14 00:34:48
54,26,0.7222222222222222,7,2025-09-14 00:34:48
54,27,0.7083333333333334,13,2025-09-14 00:34:48
54,28,0.7569444444444444,12,2025-09-14 00:34:48
54,29,0.7326388888888888,14,2025-09-14 00:34:48
54,30,0.7152777777777778,9,2025-09-14 00:34:48
54,31,0.7083333333333334,13,2025-09-14 00:34:48
54,32,0.7291666666666666,1,2025-09-14 00:34:48
54,33,0.7256944444444444,3,2025-09-14 00:34:48
54,34,0.7083333333333334,11,2025-09-14 00:34:48
54,35,0.7013888888888888,5,2025-09-14 00:34:48
54,36,0.7083333333333334,3,2025-09-14 00:34:48
54,37,0.7222222222222222,10,2025-09-14 00:34:48
54,38,0.6944444444444444,3,2025-09-14 00:34:48
54,39,0.6631944444444444,1,2025-09-14 00:34:48
55,0,0.7152777777777778,10,2025-09-14 00:34:48
55,1,0.7222222222222222,5,2025-09-14 00:34:48
55,2,0.6666666666666666,6,2025-09-14 00:34:48
55,3,0.6979166666666666,11,2025-09-14 00:34:48
55,4,0.7430555555555556,6,2025-09-14 00:34:48
55,5,0.7152777777777778,12,2025-09-14 00:34:48
55,6,0.7222222222222222,12,2025-09-14 00:34:48
55,7,0.6944444444444444,4,2025-09-14 00:34:48
55,8,0.7222222222222222,5,2025-09-14 00:34:48
55,9,0.6840277777777778,1,2025-09-14 00:34:48
55,10,0.7326388888888888,17,2025-09-14 00:34:48
55,11,0.7083333333333334,16,2025-09-14 00:34:48
55,12,0.7152777777777778,10,2025-09-14 00:34:48
55,13,0.7465277777777778,2,2025-09-14 00:34:48
55,14,0.7291666666666666,16,2025-09-14 00:34:48
55,15,0.7395833333333334,14,2025-09-14 00:34:48
55,16,0.7222222222222222,9,2025-09-14 00:34:48
55,17,0.7291666666666666,13,2025-09-14 00:34:48
55,18,0.7465277777777778,13,2025-09-14 00:34:48
55,19,0.6909722222222222,4,2025-09-14 00:34:48
55,20,0.7395833333333334,12,2025-09-14 00:34:48
55,21,0.6041666666666666,2,2025-09-14 00:34:48
55,22,0.7395833333333334,2,2025-09-14 00:34:48
55,23,0.6701388888888888,3,2025-09-14 00:34:48
55,24,0.7361111111111112,1,2025-09-14 00:34:48
55,25,0.7152777777777778,7,2025-09-14 00:34:48
55,26,0.7604166666666666,10,2025-09-14 00:34:48
55,27,0.7326388888888888,13,2025-09-14 00:34:48
55,28,0.7326388888888888,20,2025-09-14 00:34:48
55,29,0.75,14,2025-09-14 00:34:48
55,30,0.6979166666666666,9,2025-09-14 00:34:48
55,31,0.7465277777777778,17,2025-09-14 00:34:48
55,32,0.7604166666666666,3,2025-09-14 00:34:48
55,33,0.6875,2,2025-09-14 00:34:48
55,34,0.6875,7,2025-09-14 00:34:48
55,35,0.7083333333333334,13,2025-09-14 00:34:48
55,36,0.6805555555555556,6,2025-09-14 00:34:48
55,37,0.71875,10,2025-09-14 00:34:48
55,38,0.6944444444444444,1,2025-09-14 00:34:48
55,39,0.6840277777777778,6,2025-09-14 00:34:48
56,0,0.6909722222222222,9,2025-09-14 00:34:48
56,1,0.7222222222222222,2,2025-09-14 00:34:48
56,2,0.6840277777777778,8,2025-09-14 00:34:48
56,3,0.7743055555555556,7,2025-09-14 00:34:48
56,4,0.7048611111111112,9,2025-09-14 00:34:48
56,5,0.7361111111111112,4,2025-09-14 00:34:48
56,6,0.7638888888888888,13,2025-09-14 00:34:48
56,7,0.6805555555555556,1,2025-09-14 00:34:48
56,8,0.7395833333333334,13,2025-09-14 00:34:48
56,9,0.7881944444444444,13,2025-09-14 00:34:48
56,10,0.7291666666666666,1,2025-09-14 00:34:48
56,11,0.7118055555555556,12,2025-09-14 00:34:48
56,12,0.6736111111111112,7,2025-09-14 00:34:48
56,13,0.7118055555555556,5,2025-09-14 00:34:48
56,14,0.7118055555555556,9,2025-09-14 00:34:48
56,15,0.7569444444444444,2,2025-09-14 00:34:48
56,16,0.6527777777777778,2,2025-09-14 00:34:48
56,17,0.7534722222222222,6,2025-09-14 00:34:48
56,18,0.7083333333333334,11,2025-09-14 00:34:48
56,19,0.75,5,2025-09-14 00:34:48
56,20,0.7430555555555556,9,2025-09-14 00:34:48
56,21,0.6770833333333334,7,2025-09-14 00:34:48
56,22,0.75,15,2025-09-14 00:34:48
56,23,0.7534722222222222,13,2025-09-14 00:34:48
56,24,0.7569444444444444,8,2025-09-14 00:34:48
56,25,0.7395833333333334,6,2025-09-14 00:34:48
56,26,0.71875,7,2025-09-14 00:34:48
56,27,0.7152777777777778,7,2025-09-14 00:34:48
56,28,0.7083333333333334,7,2025-09-14 00:34:48
56,29,0.6840277777777778,8,2025-09-14 00:34:48
56,30,0.7638888888888888,11,2025-09-14 00:34:48
56,31,0.7152777777777778,12,2025-09-14 00:34:48
56,32,0.6909722222222222,10,2025-09-14 00:34:48
56,33,0.7395833333333334,7,2025-09-14 00:34:48
56,34,0.6770833333333334,11,2025-09-14 00:34:48
56,35,0.6909722222222222,5,2025-09-14 00:34:48
56,36,0.7465277777777778,6,2025-09-14 00:34:48
56,37,0.6944444444444444,9,2025-09-14 00:34:48
56,38,0.7361111111111112,12,2025-09-14 00:34:48
56,39,0.7361111111111112,12,2025-09-14 00:34:48
57,0,0.71875,3,2025-09-14 00:34:48
57,1,0.7708333333333334,19,2025-09-14 00:34:48
57,2,0.6944444444444444,8,2025-09-14 00:34:48
57,3,0.7152777777777778,6,2025-09-14 00:34:48
57,4,0.6805555555555556,1,2025-09-14 00:34:48
57,5,0.7430555555555556,7,2025-09-14 00:34:48
57,6,0.6701388888888888,11,2025-09-14 00:34:48
57,7,0.7118055555555556,2,2025-09-14 00:34:48
57,8,0.6805555555555556,2,2025-09-14 00:34:48
57,9,0.7465277777777778,14,2025-09-14 00:34:48
57,10,0.75,15,2025-09-14 00:34:48
57,11,0.7256944444444444,9,2025-09-14 00:34:48
57,12,0.7291666666666666,10,2025-09-14 00:34:48
57,13,0.7222222222222222,16,2025-09-14 00:34:48
57,14,0.6979166666666666,3,2025-09-14 00:34:48
57,15,0.6909722222222222,8,2025-09-14 00:34:48
57,16,0.7118055555555556,5,2025-09-14 00:34:48
57,17,0.7152777777777778,1,2025-09-14 00:34:48
57,18,0.6666666666666666,12,2025-09-14 00:34:48
57,19,0.6875,7,2025-09-14 00:34:48
57,20,0.71875,13,2025-09-14 00:34:48
57,21,0.7048611111111112,14,2025-09-14 00:34:48
57,22,0.6875,7,2025-09-14 00:34:48
57,23,0.7708333333333334,17,2025-09-14 00:34:48
57,24,0.7222222222222222,13,2025-09-14 00:34:48
57,25,0.6770833333333334,1,2025-09-14 00:34:48
57,26,0.7604166666666666,10,2025-09-14 00:34:48
57,27,0.7569444444444444,10,2025-09-14 00:34:48
57,28,0.7569444444444444,11,2025-09-14 00:34:48
57,29,0.7222222222222222,18,2025-09-14 00:34:48
57,30,0.6979166666666666,7,2025-09-14 00:34:48
57,31,0.7465277777777778,9,2025-09-14 00:34:48
57,32,0.7083333333333334,9,2025-09-14 00:34:48
57,33,0.6944444444444444,8,2025-09-14 00:34:48
57,34,0.7291666666666666,13,2025-09-14 00:34:48
57,35,0.6909722222222222,1,2025-09-14 00:34:48
57,36,0.7152777777777778,17,2025-09-14 00:34:48
57,37,0.7152777777777778,4,2025-09-14 00:34:48
57,38,0.7326388888888888,12,2025-09-14 00:34:48
57,39,0.6319444444444444,2,2025-09-14 00:34:48
58,0,0.7743055555555556,16,2025-09-14 00:34:48
58,1,0.6979166666666666,10,2025-09-14 00:34:48
58,2,0.7326388888888888,16,2025-09-14 00:34:48
58,3,0.7569444444444444,11,2025-09-14 00:34:48
58,4,0.7152777777777778,11,2025-09-14 00:34:48
58,5,0.7152777777777778,10,2025-09-14 00:34:48
58,6,0.7326388888888888,18,2025-09-14 00:34:48
58,7,0.7256944444444444,6,2025-09-14 00:34:48
58,8,0.6875,1,2025-09-14 00:34:48
58,9,0.7395833333333334,13,2025-09-14 00:34:48
58,10,0.7326388888888888,6,2025-09-14 00:34:48
58,11,0.6805555555555556,1,2025-09-14 00:34:48
58,12,0.71875,4,2025-09-14 00:34:48
58,13,0.7152777777777778,12,2025-09-14 00:34:48
58,14,0.7256944444444444,4,2025-09-14 00:34:48
58,15,0.71875,6,2025-09-14 00:34:48
58,16,0.7118055555555556,14,2025-09-14 00:34:48
58,17,0.7013888888888888,7,2025-09-14 00:34:48
58,18,0.7118055555555556,7,2025-09-14 00:34:48
58,19,0.7569444444444444,9,2025-09-14 00:34:48
58,20,0.7465277777777778,9,2025-09-14 00:34:48
58,21,0.6909722222222222,4,2025-09-14 00:34:48
58,22,0.6944444444444444,8,2025-09-14 00:34:48
58,23,0.7326388888888888,4,2025-09-14 00:34:48
58,24,0.6944444444444444,10,2025-09-14 00:34:48
58,25,0.7256944444444444,13,2025-09-14 00:34:48
58,26,0.75,17,2025-09-14 00:34:48
58,27,0.7118055555555556,14,2025-09-14 00:34:48
58,28,0.7291666666666666,3,2025-09-14 00:34:48
58,29,0.6805555555555556,1,2025-09-14 00:34:48
58,30,0.7222222222222222,16,2025-09-14 00:34:48
58,31,0.71875,13,2025-09-14 00:34:48
58,32,0.6875,7,2025-09-14 00:34:48
58,33,0.7256944444444444,7,2025-09-14 00:34:48
58,34,0.7326388888888888,12,2025-09-14 00:34:48
58,35,0.7291666666666666,8,2025-09-14 00:34:48
58,36,0.7256944444444444,15,2025-09-14 00:34:48
58,37,0.7361111111111112,11,2025-09-14 00:34:48
58,38,0.7291666666666666,11,2025-09-14 00:34:48
58,39,0.7118055555555556,7,2025-09-14 00:34:48
59,0,0.6909722222222222,3,2025-09-14 00:34:48
59,1,0.6875,6,2025-09-14 00:34:48
59,2,0.6458333333333334,14,2025-09-14 00:34:48
59,3,0.6979166666666666,1,2025-09-14 00:34:48
59,4,0.7118055555555556,2,2025-09-14 00:34:48
59,5,0.6979166666666666,2,2025-09-14 00:34:48
59,6,0.7152777777777778,5,2025-09-14 00:34:48
59,7,0.6944444444444444,5,2025-09-14 00:34:48
59,8,0.75,7,2025-09-14 00:34:48
59,9,0.7118055555555556,12,2025-09-14 00:34:48
59,10,0.7465277777777778,15,2025-09-14 00:34:48
59,11,0.7256944444444444,1,2025-09-14 00:34:48
59,12,0.6909722222222222,3,2025-09-14 00:34:48
59,13,0.6805555555555556,12,2025-09-14 00:34:48
59,14,0.7326388888888888,12,2025-09-14 00:34:48
59,15,0.7569444444444444,12,2025-09-14 00:34:48
59,16,0.7013888888888888,2,2025-09-14 00:34:48
59,17,0.7013888888888888,6,2025-09-14 00:34:48
59,18,0.7222222222222222,16,2025-09-14 00:34:48
59,19,0.6840277777777778,2,2025-09-14 00:34:48
59,20,0.7604166666666666,11,2025-09-14 00:34:48
59,21,0.6666666666666666,17,2025-09-14 00:34:48
59,22,0.6388888888888888,3,2025-09-14 00:34:48
59,23,0.7118055555555556,16,2025-09-14 00:34:48
59,24,0.7326388888888888,3,2025-09-14 00:34:48
59,25,0.7152777777777778,3,2025-09-14 00:34:48
59,26,0.6631944444444444,1,2025-09-14 00:34:48
59,27,0.6736111111111112,14,2025-09-14 00:34:48
59,28,0.7604166666666666,1,2025-09-14 00:34:48
59,29,0.6944444444444444,1,2025-09-14 00:34:48
59,30,0.7118055555555556,4,2025-09-14 00:34:48
59,31,0.7326388888888888,5,2025-09-14 00:34:48
59,32,0.6944444444444444,14,2025-09-14 00:34:48
59,33,0.7118055555555556,14,2025-09-14 00:34:48
59,34,0.6840277777777778,3,2025-09-14 00:34:48
59,35,0.7291666666666666,5,2025-09-14 00:34:48
59,36,0.7361111111111112,8,2025-09-14 00:34:48
59,37,0.7118055555555556,6,2025-09-14 00:34:48
59,38,0.6979166666666666,4,2025-09-14 00:34:48
59,39,0.6875,3,2025-09-14 00:34:48
60,0,0.71875,2,2025-09-14 00:34:48
60,1,0.6805555555555556,10,2025-09-14 00:34:48
60,2,0.7326388888888888,19,2025-09-14 00:34:48
60,3,0.7291666666666666,10,2025-09-14 00:34:48
60,4,0.7326388888888888,9,2025-09-14 00:34:48
60,5,0.7256944444444444,1,2025-09-14 00:34:48
60,6,0.7118055555555556,11,2025-09-14 00:34:48
60,7,0.7430555555555556,4,2025-09-14 00:34:48
60,8,0.71875,3,2025-09-14 00:34:48
60,9,0.7048611111111112,14,2025-09-14 00:34:48
60,10,0.6770833333333334,10,2025-09-14 00:34:48
60,11,0.7256944444444444,13,2025-09-14 00:34:48
60,12,0.7638888888888888,13,2025-09-14 00:34:48
60,13,0.6701388888888888,14,2025-09-14 00:34:48
60,14,0.7083333333333334,16,2025-09-14 00:34:48
60,15,0.6840277777777778,3,2025-09-14 00:34:48
60,16,0.7048611111111112,1,2025-09-14 00:34:48
60,17,0.7013888888888888,7,2025-09-14 00:34:48
60,18,0.7361111111111112,3,2025-09-14 00:34:48
60,19,0.6875,1,2025-09-14 00:34:48
60,20,0.6979166666666666,8,2025-09-14 00:34:48
60,21,0.7152777777777778,5,2025-09-14 00:34:48
60,22,0.7013888888888888,8,2025-09-14 00:34:48
60,23,0.7083333333333334,10,2025-09-14 00:34:48
60,24,0.7291666666666666,14,2025-09-14 00:34:48
60,25,0.71875,9,2025-09-14 00:34:48
60,26,0.6736111111111112,12,2025-09-14 00:34:48
60,27,0.7465277777777778,7,2025-09-14 00:34:48
60,28,0.6944444444444444,1,2025-09-14 00:34:48
60,29,0.7256944444444444,9,2025-09-14 00:34:48
60,30,0.6944444444444444,9,2025-09-14 00:34:48
60,31,0.7430555555555556,13,2025-09-14 00:34:48
60,32,0.71875,10,2025-09-14 00:34:48
60,33,0.6840277777777778,12,2025-09-14 00:34:48
60,34,0.6944444444444444,5,2025-09-14 00:34:48
60,35,0.7361111111111112,8,2025-09-14 00:34:48
60,36,0.7013888888888888,5,2025-09-14 00:34:48
60,37,0.7777777777777778,8,2025-09-14 00:34:48
60,38,0.6909722222222222,7,2025-09-14 00:34:48
60,39,0.7048611111111112,15,2025-09-14 00:34:48
61,0,0.6736111111111112,1,2025-09-14 00:34:48
61,1,0.7152777777777778,13,2025-09-14 00:34:48
61,2,0.7256944444444444,11,2025-09-14 00:34:48
61,3,0.7465277777777778,3,2025-09-14 00:34:48
61,4,0.71875,17,2025-09-14 00:34:48
61,5,0.6736111111111112,5,2025-09-14 00:34:48
61,6,0.7013888888888888,5,2025-09-14 00:34:48
61,7,0.6944444444444444,15,2025-09-14 00:34:48
61,8,0.7604166666666666,13,2025-09-14 00:34:48
61,9,0.7291666666666666,6,2025-09-14 00:34:48
61,10,0.6736111111111112,6,2025-09-14 00:34:48
61,11,0.7465277777777778,13,2025-09-14 00:34:48
61,12,0.6875,8,2025-09-14 00:34:48
61,13,0.6979166666666666,2,2025-09-14 00:34:48
61,14,0.6597222222222222,3,2025-09-14 00:34:48
61,15,0.7291666666666666,3,2025-09-14 00:34:48
61,16,0.6770833333333334,3,2025-09-14 00:34:48
61,17,0.7118055555555556,9,2025-09-14 00:34:48
61,18,0.7361111111111112,11,2025-09-14 00:34:48
61,19,0.6840277777777778,8,2025-09-14 00:34:48
61,20,0.6840277777777778,5,2025-09-14 00:34:48
61,21,0.7465277777777778,11,2025-09-14 00:34:48
61,22,0.7152777777777778,5,2025-09-14 00:34:48
61,23,0.6875,14,2025-09-14 00:34:48
61,24,0.7430555555555556,9,2025-09-14 00:34:48
61,25,0.7708333333333334,9,2025-09-14 00:34:48
61,26,0.7118055555555556,18,2025-09-14 00:34:48
61,27,0.7152777777777778,4,2025-09-14 00:34:48
61,28,0.6840277777777778,7,2025-09-14 00:34:48
61,29,0.6944444444444444,15,2025-09-14 00:34:48
61,30,0.7291666666666666,11,2025-09-14 00:34:48
61,31,0.7222222222222222,3,2025-09-14 00:34:48
61,32,0.7291666666666666,13,2025-09-14 00:34:48
61,33,0.7430555555555556,8,2025-09-14 00:34:48
61,34,0.71875,13,2025-09-14 00:34:48
61,35,0.7326388888888888,9,2025-09-14 00:34:48
61,36,0.75,10,2025-09-14 00:34:48
61,37,0.6944444444444444,7,2025-09-14 00:34:48
61,38,0.7326388888888888,15,2025-09-14 00:34:48
61,39,0.7013888888888888,7,2025-09-14 00:34:48
62,0,0.7083333333333334,11,2025-09-14 00:34:48
62,1,0.71875,8,2025-09-14 00:34:48
62,2,0.7395833333333334,8,2025-09-14 00:34:48
62,3,0.7291666666666666,8,2025-09-14 00:34:48
62,4,0.6909722222222222,13,2025-09-14 00:34:48
62,5,0.6875,1,2025-09-14 00:34:48
62,6,0.7083333333333334,2,2025-09-14 00:34:48
62,7,0.7152777777777778,14,2025-09-14 00:34:48
62,8,0.6979166666666666,1,2025-09-14 00:34:48
62,9,0.7048611111111112,2,2025-09-14 00:34:48
62,10,0.7638888888888888,7,2025-09-14 00:34:48
62,11,0.7013888888888888,12,2025-09-14 00:34:48
62,12,0.6909722222222222,2,2025-09-14 00:34:48
62,13,0.7291666666666666,3,2025-09-14 00:34:48
62,14,0.6736111111111112,7,2025-09-14 00:34:48
62,15,0.6909722222222222,6,2025-09-14 00:34:48
62,16,0.6805555555555556,13,2025-09-14 00:34:48
62,17,0.7534722222222222,16,2025-09-14 00:34:48
62,18,0.7083333333333334,8,2025-09-14 00:34:48
62,19,0.6736111111111112,14,2025-09-14 00:34:48
62,20,0.7256944444444444,15,2025-09-14 00:34:48
62,21,0.7013888888888888,17,2025-09-14 00:34:48
62,22,0.7291666666666666,11,2025-09-14 00:34:48
62,23,0.7118055555555556,15,2025-09-14 00:34:48
62,24,0.6666666666666666,1,2025-09-14 00:34:48
62,25,0.7326388888888888,13,2025-09-14 00:34:48
62,26,0.6944444444444444,3,2025-09-14 00:34:48
62,27,0.7256944444444444,2,2025-09-14 00:34:48
62,28,0.6875,8,2025-09-14 00:34:48
62,29,0.6979166666666666,12,2025-09-14 00:34:48
62,30,0.7361111111111112,8,2025-09-14 00:34:48
62,31,0.7152777777777778,18,2025-09-14 00:34:48
62,32,0.7673611111111112,5,2025-09-14 00:34:48
62,33,0.7256944444444444,3,2025-09-14 00:34:48
62,34,0.7430555555555556,8,2025-09-14 00:34:48
62,35,0.7326388888888888,1,2025-09-14 00:34:48
62,36,0.7013888888888888,2,2025-09-14 00:34:48
62,37,0.7534722222222222,11,2025-09-14 00:34:48
62,38,0.7083333333333334,8,2025-09-14 00:34:48
62,39,0.7083333333333334,5,2025-09-14 00:34:48
63,0,0.7430555555555556,5,2025-09-14 00:34:48
63,1,0.7048611111111112,3,2025-09-14 00:34:48
63,2,0.7083333333333334,7,2025-09-14 00:34:48
63,3,0.7013888888888888,14,2025-09-14 00:34:48
63,4,0.7152777777777778,11,2025-09-14 00:34:48
63,5,0.6979166666666666,10,2025-09-14 00:34:48
63,6,0.6979166666666666,9,2025-09-14 00:34:48
63,7,0.7395833333333334,12,2025-09-14 00:34:48
63,8,0.7048611111111112,10,2025-09-14 00:34:48
63,9,0.7118055555555556,11,2025-09-14 00:34:48
63,10,0.7256944444444444,16,2025-09-14 00:34:48
63,11,0.7638888888888888,8,2025-09-14 00:34:48
63,12,0.7152777777777778,5,2025-09-14 00:34:48
63,13,0.7569444444444444,12,2025-09-14 00:34:48
63,14,0.6423611111111112,8,2025-09-14 00:34:48
63,15,0.7291666666666666,3,2025-09-14 00:34:48
63,16,0.7222222222222222,14,2025-09-14 00:34:48
63,17,0.71875,6,2025-09-14 00:34:48
63,18,0.6979166666666666,7,2025-09-14 00:34:48
63,19,0.7013888888888888,12,2025-09-14 00:34:48
63,20,0.7430555555555556,13,2025-09-14 00:34:48
63,21,0.7430555555555556,12,2025-09-14 00:34:48
63,22,0.7222222222222222,13,2025-09-14 00:34:48
63,23,0.6805555555555556,15,2025-09-14 00:34:48
63,24,0.71875,6,2025-09-14 00:34:48
63,25,0.6944444444444444,14,2025-09-14 00:34:48
63,26,0.7569444444444444,3,2025-09-14 00:34:48
63,27,0.6840277777777778,12,2025-09-14 00:34:48
63,28,0.7118055555555556,11,2025-09-14 00:34:48
63,29,0.7326388888888888,15,2025-09-14 00:34:48
63,30,0.7361111111111112,3,2025-09-14 00:34:48
63,31,0.7048611111111112,2,2025-09-14 00:34:48
63,32,0.7118055555555556,12,2025-09-14 00:34:48
63,33,0.6944444444444444,4,2025-09-14 00:34:48
63,34,0.7222222222222222,4,2025-09-14 00:34:48
63,35,0.7465277777777778,15,2025-09-14 00:34:48
63,36,0.75,6,2025-09-14 00:34:48
63,37,0.7326388888888888,1,2025-09-14 00:34:48
63,38,0.7604166666666666,15,2025-09-14 00:34:48
63,39,0.6909722222222222,4,2025-09-14 00:34:48
